NAME,total_renter_households,30_to_34pct,35_to_39pct,40_to_49pct,50pct_plus,metropolitan statistical area/micropolitan statistical area,cost_burdened,severely_burdened,pct_cost_burden,pct_severely_burdened
"Aberdeen, SD Micro Area",5731,513,150,403,941,10100,2007,941,35.02006630605479,16.419473041354042
"Aberdeen, WA Micro Area",8497,560,543,900,1521,10140,3524,1521,41.47346122160763,17.90043544780511
"Abilene, TX Metro Area",24244,2161,1855,1675,5101,10180,10792,5101,44.5141065830721,21.040257383270085
"Ada, OK Micro Area",5068,413,208,272,871,10220,1764,871,34.806629834254146,17.18626677190213
"Adrian, MI Micro Area",8250,552,501,675,1731,10300,3459,1731,41.92727272727273,20.98181818181818
"Aguadilla-Isabela, PR Metro Area",38816,1609,821,1530,4494,10380,8454,4494,21.77967848309975,11.57769991755977
"Akron, OH Metro Area",94274,8045,4959,7312,21628,10420,41944,21628,44.491588348855466,22.941638203534378
"Alamogordo, NM Micro Area",8183,824,484,666,1237,10460,3211,1237,39.23988757179519,15.11670536478064
"Albany, GA Metro Area",24683,1683,1434,1492,6885,10500,11494,6885,46.566462747640074,27.89369201474699
"Albany-Lebanon, OR Metro Area",16499,1470,1149,1607,3479,10540,7705,3479,46.69979998787805,21.086126431904965
"Albany-Schenectady-Troy, NY Metro Area",135406,10442,6812,10240,30101,10580,57595,30101,42.53504276029127,22.230181823552872
"Albemarle, NC Micro Area",5976,443,220,285,1138,10620,2086,1138,34.90629183400268,19.042838018741634
"Albert Lea, MN Micro Area",2790,259,174,204,428,10660,1065,428,38.17204301075269,15.340501792114694
"Albertville, AL Micro Area",8847,792,468,568,1394,10700,3222,1394,36.41912512716175,15.756753701819825
"Albuquerque, NM Metro Area",118861,9544,7849,10090,28712,10740,56195,28712,47.27791285619337,24.155946862301345
"Alexander City, AL Micro Area",4779,194,342,283,638,10760,1457,638,30.487549696589245,13.350073237078885
"Alexandria, LA Metro Area",17775,1334,944,1797,3798,10780,7873,3798,44.29254571026723,21.367088607594937
"Alexandria, MN Micro Area",4192,558,83,227,633,10820,1501,633,35.80629770992366,15.100190839694658
"Alice, TX Micro Area",4970,492,149,385,929,10860,1955,929,39.33601609657948,18.69215291750503
"Allentown-Bethlehem-Easton, PA-NJ Metro Area",103425,8998,6323,9650,24371,10900,49342,24371,47.708000966884214,23.563935218757553
"Alma, MI Micro Area",3208,530,194,149,604,10940,1477,604,46.04114713216958,18.82793017456359
"Alpena, MI Micro Area",2665,308,153,269,312,10980,1042,312,39.09943714821764,11.707317073170733
"Altoona, PA Metro Area",13916,1409,1200,1065,2490,11020,6164,2490,44.29433745329118,17.893072722046565
"Altus, OK Micro Area",3863,463,241,217,364,11060,1285,364,33.26430235568211,9.422728449391665
"Amarillo, TX Metro Area",36333,2962,1725,2659,7941,11100,15287,7941,42.07469793300856,21.85616381801668
"Americus, GA Micro Area",5004,417,248,412,1161,11140,2238,1161,44.724220623501196,23.201438848920862
"Ames, IA Metro Area",19234,1288,652,1646,5336,11180,8922,5336,46.3866070500156,27.74253925340543
"Amsterdam, NY Micro Area",5917,552,314,588,1380,11220,2834,1380,47.89589318911611,23.322629711002197
"Anchorage, AK Metro Area",48025,4694,3205,4319,9639,11260,21857,9639,45.51171264966163,20.07079646017699
"Andrews, TX Micro Area",1814,81,105,176,207,11380,569,207,31.367144432194046,11.411245865490628
"Angola, IN Micro Area",2773,179,140,188,402,11420,909,402,32.78038225748287,14.496934727731697
"Ann Arbor, MI Metro Area",57647,4298,3175,5007,16375,11460,28855,16375,50.05464291290093,28.405641230246154
"Anniston-Oxford, AL Metro Area",12999,877,753,916,2783,11500,5329,2783,40.995461189322256,21.409339179936918
"Appleton, WI Metro Area",25721,1799,1136,1726,3383,11540,8044,3383,31.274056218654017,13.152676801057503
"Arcadia, FL Micro Area",3556,333,158,451,586,11580,1528,586,42.96962879640045,16.479190101237347
"Ardmore, OK Micro Area",7160,351,362,575,1120,11620,2408,1120,33.63128491620112,15.64245810055866
"Arecibo, PR Metro Area",20796,540,503,798,2616,11640,4457,2616,21.432006155029814,12.579342181188691
"Arkadelphia, AR Micro Area",2991,167,133,229,722,11660,1251,722,41.82547642928786,24.13908391842193
"Asheville, NC Metro Area",57940,5535,4048,5602,11562,11700,26747,11562,46.16327235070763,19.955125992405936
"Ashland, OH Micro Area",4524,228,205,297,972,11740,1702,972,37.62157382847038,21.485411140583555
"Ashtabula, OH Micro Area",10271,1271,367,915,2511,11780,5064,2511,49.30386525167948,24.44747346899036
"Astoria, OR Micro Area",6583,543,337,444,1544,11820,2868,1544,43.566762874069575,23.454352119094636
"Atchison, KS Micro Area",1741,156,107,53,280,11860,596,280,34.23319931074095,16.082711085583
"Athens, OH Micro Area",8884,806,264,500,3137,11900,4707,3137,52.9828905898244,35.31067086897794
"Athens, TN Micro Area",5507,277,282,653,909,11940,2121,909,38.51461775921555,16.506264753949516
"Athens, TX Micro Area",7673,338,730,584,1843,11980,3495,1843,45.54932881532647,24.019288413918936
"Athens-Clarke County, GA Metro Area",37880,2559,1900,3387,11700,12020,19546,11700,51.599788806758184,30.887011615628303
"Atlanta-Sandy Springs-Alpharetta, GA Metro Area",777789,67840,52165,73610,184965,12060,378580,184965,48.67386913417392,23.780871161716092
"Atlantic City-Hammonton, NJ Metro Area",34262,2994,2090,3292,10192,12100,18568,10192,54.194150954410134,29.747241842274242
"Atmore, AL Micro Area",4278,173,237,376,702,12120,1488,702,34.78260869565217,16.40953716690042
"Auburn, IN Micro Area",3139,281,118,198,432,12140,1029,432,32.781140490602105,13.762344695762982
"Auburn, NY Micro Area",9267,755,391,1150,1850,12180,4146,1850,44.73939786338621,19.963310672277977
"Auburn-Opelika, AL Metro Area",22649,1526,1129,1525,6921,12220,11101,6921,49.01320146584838,30.557640513929975
"Augusta-Richmond County, GA-SC Metro Area",71629,6055,3787,6201,18106,12260,34149,18106,47.674824442614025,25.277471415208925
"Augusta-Waterville, ME Micro Area",14713,1108,855,1189,2840,12300,5992,2840,40.72588866988377,19.30265751376334
"Austin, MN Micro Area",3909,285,214,282,746,12380,1527,746,39.06369915579432,19.084164748017397
"Austin-Round Rock-Georgetown, TX Metro Area",372749,32953,25046,31087,82467,12420,171553,82467,46.02373178734215,22.124003015433978
"Bainbridge, GA Micro Area",4052,141,174,140,799,12460,1254,799,30.947680157946692,19.718657453109575
"Bakersfield, CA Metro Area",112026,9224,8131,11466,29157,12540,57978,29157,51.75405709388892,26.026993733597557
"Baltimore-Columbia-Towson, MD Metro Area",361927,30595,23137,31729,87437,12580,172898,87437,47.771511934727165,24.15873919326273
"Bangor, ME Metro Area",19189,1578,1518,1740,3721,12620,8557,3721,44.59325655323362,19.391317942571266
"Baraboo, WI Micro Area",7326,639,398,485,1283,12660,2805,1283,38.288288288288285,17.51296751296751
"Bardstown, KY Micro Area",4337,269,233,234,865,12680,1601,865,36.914918146184,19.94466220890016
"Barnstable Town, MA Metro Area",18635,1833,1271,1540,5188,12700,9832,5188,52.76093372685806,27.84008585994097
"Barre, VT Micro Area",6881,675,559,536,1233,12740,3003,1233,43.641912512716175,17.918907135590757
"Bartlesville, OK Micro Area",5614,490,347,529,1047,12780,2413,1047,42.981831136444605,18.649804061275383
"Batavia, NY Micro Area",6497,549,339,527,1332,12860,2747,1332,42.28105279359704,20.50177004771433
"Batesville, AR Micro Area",5775,488,326,303,1091,12900,2208,1091,38.23376623376623,18.891774891774894
"Baton Rouge, LA Metro Area",98146,7381,6073,7771,24765,12940,45990,24765,46.85876143704277,25.2328164163593
"Battle Creek, MI Metro Area",15032,1423,787,1252,3098,12980,6560,3098,43.640234167110165,20.6093666844066
"Bay City, MI Metro Area",10970,792,594,751,2271,13020,4408,2271,40.18231540565178,20.701914311759342
"Bay City, TX Micro Area",4307,261,294,198,1362,13060,2115,1362,49.10610633851869,31.62293940097516
"Beatrice, NE Micro Area",2685,152,230,222,453,13100,1057,453,39.36685288640596,16.87150837988827
"Beaumont-Port Arthur, TX Metro Area",47109,3758,2894,4033,10258,13140,20943,10258,44.456473285359486,21.775032371733637
"Beaver Dam, WI Micro Area",10471,669,483,839,1656,13180,3647,1656,34.82952917581893,15.815108394613695
"Beckley, WV Metro Area",11205,754,409,757,2355,13220,4275,2355,38.15261044176707,21.01740294511379
"Bedford, IN Micro Area",3899,434,138,348,678,13260,1598,678,40.984867914849964,17.389074121569635
"Beeville, TX Micro Area",2798,158,130,166,764,13300,1218,764,43.53109363831308,27.305218012866334
"Bellefontaine, OH Micro Area",4484,216,221,434,472,13340,1343,472,29.95093666369313,10.526315789473683
"Bellingham, WA Metro Area",33729,2595,2808,3335,9355,13380,18093,9355,53.64226629903051,27.73577633490468
"Bemidji, MN Micro Area",5756,447,263,223,1315,13420,2248,1315,39.054899235580265,22.84572619874913
"Bend, OR Metro Area",24660,2369,1636,2113,5899,13460,12017,5899,48.73073803730738,23.9213300892133
"Bennettsville, SC Micro Area",3478,104,162,123,603,13500,992,603,28.522139160437032,17.33755031627372
"Bennington, VT Micro Area",3743,442,218,371,1061,13540,2092,1061,55.89099652685012,28.346246326476088
"Berlin, NH Micro Area",3658,287,248,321,681,13620,1537,681,42.017495899398575,18.61673045379989
"Big Rapids, MI Micro Area",3873,356,234,203,987,13660,1780,987,45.95920475083914,25.484120836560802
"Big Spring, TX Micro Area",3993,373,59,269,702,13700,1403,702,35.13648885549712,17.580766341096922
"Big Stone Gap, VA Micro Area",4918,373,148,283,917,13720,1721,917,34.99389995933306,18.645790971939814
"Billings, MT Metro Area",22524,2090,1299,2038,4583,13740,10010,4583,44.441484638607704,20.347185224649262
"Binghamton, NY Metro Area",33082,2432,1681,3132,8638,13780,15883,8638,48.011002962336015,26.110876005078293
"Birmingham-Hoover, AL Metro Area",128048,10751,7483,10107,29686,13820,58027,29686,45.31660002499063,23.1834936898663
"Bismarck, ND Metro Area",14993,865,870,993,2858,13900,5586,2858,37.25738678049756,19.06222904021877
"Blackfoot, ID Micro Area",3115,200,102,201,378,13940,881,378,28.28250401284109,12.134831460674157
"Blacksburg-Christiansburg, VA Metro Area",25042,1522,704,1557,6862,13980,10645,6862,42.50858557623193,27.401964699305164
"Bloomington, IL Metro Area",23979,1242,1475,1430,4936,14010,9083,4936,37.8789774385921,20.584678260144294
"Bloomington, IN Metro Area",27413,1848,1268,2399,9273,14020,14788,9273,53.945208477729544,33.82701637909021
"Bloomsburg-Berwick, PA Metro Area",9889,855,597,494,1710,14100,3656,1710,36.97037111942562,17.291940539993934
"Bluefield, WV-VA Micro Area",12008,1136,877,873,1655,14140,4541,1655,37.81645569620253,13.782478347768153
"Bluffton, IN Micro Area",2533,187,71,132,392,14160,782,392,30.87248322147651,15.475720489538098
"Blytheville, AR Micro Area",5978,576,208,589,1184,14180,2557,1184,42.773502843760454,19.805955168952828
"Bogalusa, LA Micro Area",5576,527,439,581,853,14220,2400,853,43.0416068866571,15.297704447632713
"Boise City, ID Metro Area",78205,7431,5235,6413,14344,14260,33423,14344,42.737676619142,18.34153826481683
"Bonham, TX Micro Area",3171,189,92,224,579,14300,1084,579,34.184799747713654,18.25922421948912
"Boone, NC Micro Area",8272,529,355,553,3495,14380,4932,3495,59.622823984526114,42.250967117988395
"Borger, TX Micro Area",1214,27,88,53,206,14420,374,206,30.807248764415156,16.96869851729819
"Boston-Cambridge-Newton, MA-NH Metro Area",736123,67448,46031,59914,173950,14460,347343,173950,47.185456778282976,23.630561740361326
"Boulder, CO Metro Area",50324,4542,2985,4716,16110,14500,28353,16110,56.340910897384944,32.01255862014148
"Bowling Green, KY Metro Area",26562,1883,1725,1518,6031,14540,11157,6031,42.00361418567879,22.705368571643703
"Bozeman, MT Micro Area",18502,1345,1278,1528,4041,14580,8192,4041,44.27629445465355,21.840882066803587
"Bradford, PA Micro Area",3595,328,94,246,657,14620,1325,657,36.8567454798331,18.27538247566064
"Brainerd, MN Micro Area",8381,860,658,386,1495,14660,3399,1495,40.55601956807064,17.837966829733922
"Branson, MO Micro Area",7194,571,528,301,1614,14700,3014,1614,41.896024464831804,22.43536280233528
"Breckenridge, CO Micro Area",3550,270,160,394,631,14720,1455,631,40.985915492957744,17.774647887323944
"Bremerton-Silverdale-Port Orchard, WA Metro Area",31981,3489,2454,2653,6947,14740,15543,6947,48.60073168443763,21.72227259935587
"Brenham, TX Micro Area",3839,375,210,256,718,14780,1559,718,40.609533732742904,18.702787184162542
"Brevard, NC Micro Area",3426,203,114,146,885,14820,1348,885,39.34617629889083,25.83187390542907
"Bridgeport-Stamford-Norwalk, CT Metro Area",118930,10136,7865,10736,31775,14860,60512,31775,50.88034978558816,26.71739678802657
"Brookhaven, MS Micro Area",3204,133,66,168,631,15020,998,631,31.14856429463171,19.694132334581774
"Brookings, OR Micro Area",2606,289,65,218,523,15060,1095,523,42.01841903300077,20.069071373752877
"Brookings, SD Micro Area",5569,466,223,287,1039,15100,2015,1039,36.18243849883282,18.65685042197881
"Brownsville, TN Micro Area",3018,155,160,354,667,15140,1336,667,44.26772697150431,22.10072895957588
"Brownsville-Harlingen, TX Metro Area",46015,4150,2743,3614,10623,15180,21130,10623,45.919808758013694,23.085950233619474
"Brownwood, TX Micro Area",4746,464,408,340,1100,15220,2312,1100,48.714707121786766,23.17741255794353
"Brunswick, GA Metro Area",13747,762,953,1310,2595,15260,5620,2595,40.881646904779224,18.876845857277953
"Bucyrus-Galion, OH Micro Area",5554,541,354,396,793,15340,2084,793,37.522506301764494,14.277997839395033
"Buffalo-Cheektowaga, NY Metro Area",167999,12636,9838,12652,42166,15380,77292,42166,46.00741671081376,25.098958922374536
"Burley, ID Micro Area",4595,297,100,365,654,15420,1416,654,30.816104461371054,14.23286180631121
"Burlington, IA-IL Micro Area",5560,357,221,546,1773,15460,2897,1773,52.10431654676259,31.888489208633093
"Burlington, NC Metro Area",22883,1699,1220,2189,4787,15500,9895,4787,43.241707818030854,20.91945986103221
"Burlington-South Burlington, VT Metro Area",29961,2957,2074,2579,7810,15540,15420,7810,51.466906979072796,26.067220720269685
"Butte-Silver Bow, MT Micro Area",4502,238,158,344,1010,15580,1750,1010,38.87161261661484,22.43447356730342
"Cadillac, MI Micro Area",3640,450,100,261,719,15620,1530,719,42.032967032967036,19.752747252747252
"Calhoun, GA Micro Area",5853,407,543,506,728,15660,2184,728,37.314197847257816,12.438065949085939
"California-Lexington Park, MD Metro Area",11346,544,693,573,2602,15680,4412,2602,38.885950995945706,22.933192314472063
"Cambridge, MD Micro Area",4170,248,493,302,934,15700,1977,934,47.410071942446045,22.39808153477218
"Cambridge, OH Micro Area",4428,306,356,269,967,15740,1898,967,42.86359530261969,21.838301716350497
"Camden, AR Micro Area",2423,167,143,212,371,15780,893,371,36.85513825835741,15.311597193561699
"Campbellsville, KY Micro Area",4321,268,143,365,472,15820,1248,472,28.88220319370516,10.923397361721824
"Cañon City, CO Micro Area",4351,428,295,397,996,15860,2116,996,48.63249827625833,22.8912893587681
"Canton-Massillon, OH Metro Area",51907,4173,3010,3944,9484,15940,20611,9484,39.7075538944651,18.271138767410946
"Cape Coral-Fort Myers, FL Metro Area",83206,7339,6183,8014,22717,15980,44253,22717,53.18486647597529,27.30211763574742
"Cape Girardeau, MO-IL Metro Area",11493,851,852,712,2492,16020,4907,2492,42.69555381536588,21.68276342121291
"Carbondale-Marion, IL Metro Area",20814,1871,1472,1663,4962,16060,9968,4962,47.890842702027484,23.83972326318824
"Carlsbad-Artesia, NM Micro Area",6036,246,205,417,580,16100,1448,580,23.989396951623593,9.609012591119948
"Carroll, IA Micro Area",2079,317,129,107,378,16140,931,378,44.78114478114478,18.181818181818183
"Carson City, NV Metro Area",8905,1094,642,439,1790,16180,3965,1790,44.52554744525548,20.10106681639528
"Casper, WY Metro Area",8958,565,607,938,1709,16220,3819,1709,42.63228399196249,19.077919178388033
"Cedar City, UT Micro Area",5952,634,485,450,1008,16260,2577,1008,43.296370967741936,16.93548387096774
"Cedar Rapids, IA Metro Area",27608,2116,1567,2067,5232,16300,10982,5232,39.77832512315271,18.951028687337004
"Cedartown, GA Micro Area",5419,416,549,249,1465,16340,2679,1465,49.43716552869533,27.034508211847204
"Celina, OH Micro Area",3399,240,138,373,386,16380,1137,386,33.451015004413065,11.35628125919388
"Central City, KY Micro Area",2084,210,91,112,365,16420,778,365,37.3320537428023,17.51439539347409
"Centralia, IL Micro Area",3992,276,193,271,688,16460,1428,688,35.77154308617234,17.234468937875754
"Centralia, WA Micro Area",8525,875,390,781,1745,16500,3791,1745,44.469208211143695,20.469208211143695
"Chambersburg-Waynesboro, PA Metro Area",16945,1548,984,1153,2916,16540,6601,2916,38.95544408380053,17.20861611094718
"Champaign-Urbana, IL Metro Area",39445,2696,2072,2999,10499,16580,18266,10499,46.30751679553809,26.616808213968817
"Charleston, WV Metro Area",29907,2106,1649,2008,6015,16620,11778,6015,39.38208446183168,20.112348279666968
"Charleston-Mattoon, IL Micro Area",8929,594,592,568,1693,16660,3447,1693,38.604546981744875,18.96068988688543
"Charleston-North Charleston, SC Metro Area",100827,8107,6848,9630,23943,16700,48528,23943,48.1299651878961,23.74661548989854
"Charlotte-Concord-Gastonia, NC-SC Metro Area",348582,30392,22009,29353,70959,16740,152713,70959,43.80977790017844,20.356472795497186
"Charlottesville, VA Metro Area",29814,2452,1775,2275,6993,16820,13495,6993,45.26396994700476,23.4554236264842
"Chattanooga, TN-GA Metro Area",71328,5182,4760,5641,13818,16860,29401,13818,41.21943696724989,19.372476446837148
"Cheyenne, WY Metro Area",11515,1201,720,1068,1955,16940,4944,1955,42.93530178028658,16.977854971775944
"Chicago-Naperville-Elgin, IL-IN-WI Metro Area",1270077,103199,73975,101075,293931,16980,572180,293931,45.050811879909645,23.142770084018526
"Chico, CA Metro Area",34895,2571,2397,3490,9811,17020,18269,9811,52.354205473563546,28.11577589912595
"Chillicothe, OH Micro Area",8616,757,554,472,2299,17060,4082,2299,47.376973073351905,26.682915506035283
"Cincinnati, OH-KY-IN Metro Area",286425,20884,16625,19797,61645,17140,118951,61645,41.52954525617526,21.52221349393384
"Clarksburg, WV Micro Area",8374,713,403,731,1322,17220,3169,1322,37.84332457606878,15.786959636971579
"Clarksdale, MS Micro Area",3908,232,294,230,915,17260,1671,915,42.75844421699079,23.413510747185263
"Clarksville, TN-KY Metro Area",45083,3975,2890,4177,8295,17300,19337,8295,42.89199920147284,18.399396668367235
"Clearlake, CA Micro Area",8067,468,795,603,1966,17340,3832,1966,47.50216933184579,24.370893764720467
"Cleveland, MS Micro Area",4728,277,406,428,1038,17380,2149,1038,45.45262267343485,21.95431472081218
"Cleveland, TN Metro Area",14738,1228,747,1232,2658,17420,5865,2658,39.79508752883702,18.03501153480798
"Cleveland-Elyria, OH Metro Area",307569,25684,16582,22375,68110,17460,132751,68110,43.161371919796856,22.144624458251645
"Clewiston, FL Micro Area",4020,361,389,444,965,17500,2159,965,53.70646766169154,24.00497512437811
"Clinton, IA Micro Area",5118,512,251,453,786,17540,2002,786,39.11684251660805,15.357561547479484
"Clovis, NM Micro Area",7536,633,228,578,1878,17580,3317,1878,44.01539278131635,24.920382165605094
"Coamo, PR Micro Area",3040,122,116,312,544,17620,1094,544,35.98684210526316,17.894736842105264
"Coco, PR Micro Area",2290,86,10,152,289,17640,537,289,23.449781659388645,12.620087336244543
"Coeur d'Alene, ID Metro Area",18544,1853,1680,2004,3625,17660,9162,3625,49.40681622088007,19.548101811906815
"Coffeyville, KS Micro Area",3478,224,200,249,733,17700,1406,733,40.42553191489362,21.075330649798733
"Coldwater, MI Micro Area",3784,145,216,317,515,17740,1193,515,31.527484143763214,13.609936575052853
"College Station-Bryan, TX Metro Area",49065,3379,3203,4637,15199,17780,26418,15199,53.84286151024152,30.977275043309895
"Colorado Springs, CO Metro Area",95470,9064,7708,9624,23093,17820,49489,23093,51.83722635382843,24.188750392793548
"Columbia, MO Metro Area",33546,2234,1790,3040,8863,17860,15927,8863,47.478089787157934,26.420437608060578
"Columbia, SC Metro Area",102879,8159,6021,8438,26837,17900,49455,26837,48.07103490508267,26.085984506070236
"Columbus, GA-AL Metro Area",53949,4233,3182,4521,12055,17980,23991,12055,44.469777011622085,22.34517785315761
"Columbus, IN Metro Area",9782,620,448,436,1828,18020,3332,1828,34.062563892864446,18.687384992844
"Columbus, MS Micro Area",8640,634,470,702,1721,18060,3527,1721,40.82175925925926,19.91898148148148
"Columbus, NE Micro Area",3355,442,98,218,595,18100,1353,595,40.32786885245902,17.73472429210134
"Columbus, OH Metro Area",323450,25277,18545,23736,64495,18140,132053,64495,40.82640284433452,19.939712474880196
"Concord, NH Micro Area",15698,1238,960,1526,2851,18180,6575,2851,41.88431647343611,18.16154924194165
"Connersville, IN Micro Area",2949,185,118,327,662,18220,1292,662,43.81146151237708,22.448287555103423
"Cookeville, TN Micro Area",15443,825,1124,1245,3274,18260,6468,3274,41.88305381078806,21.200543935763775
"Coos Bay, OR Micro Area",8657,848,515,727,1651,18300,3741,1651,43.21358438258057,19.071271803165068
"Cordele, GA Micro Area",3659,126,98,271,1043,18380,1538,1043,42.033342443290515,28.505056026236673
"Corinth, MS Micro Area",4764,194,315,412,863,18420,1784,863,37.44752308984047,18.11502938706969
"Cornelia, GA Micro Area",3852,330,136,227,839,18460,1532,839,39.77154724818276,21.780893042575286
"Corning, NY Micro Area",10685,1050,511,607,1967,18500,4135,1967,38.699110903135235,18.408984557791296
"Corpus Christi, TX Metro Area",60538,4843,4409,5319,14027,18580,28598,14027,47.23975023951898,23.170570550728467
"Corsicana, TX Micro Area",5801,579,260,615,1050,18620,2504,1050,43.16497155662817,18.10032752973625
"Cortland, NY Micro Area",6301,463,265,411,1517,18660,2656,1517,42.15203935883193,24.07554356451357
"Corvallis, OR Metro Area",16662,1025,970,1423,5890,18700,9308,5890,55.86364181970952,35.349897971432
"Coshocton, OH Micro Area",4177,236,241,179,849,18740,1505,849,36.030644002872876,20.3255925305243
"Craig, CO Micro Area",1720,113,189,61,292,18780,655,292,38.08139534883721,16.97674418604651
"Crawfordsville, IN Micro Area",3805,294,196,304,661,18820,1455,661,38.23915900131406,17.371879106438897
"Crescent City, CA Micro Area",3038,219,213,188,883,18860,1503,883,49.47333772218565,29.06517445687953
"Crestview-Fort Walton Beach-Destin, FL Metro Area",34312,3876,2707,3706,6924,18880,17213,6924,50.16612263930986,20.179529027745396
"Crossville, TN Micro Area",5648,399,226,290,941,18900,1856,941,32.861189801699716,16.66076487252125
"Cullman, AL Micro Area",8009,570,340,474,1321,18980,2705,1321,33.77450368335622,16.49394431264827
"Cullowhee, NC Micro Area",8280,611,115,447,2150,19000,3323,2150,40.132850241545896,25.966183574879224
"Cumberland, MD-WV Metro Area",10209,829,455,985,1779,19060,4048,1779,39.65128807914585,17.425800764031738
"Dallas-Fort Worth-Arlington, TX Metro Area",1105476,100523,76784,104447,239350,19100,521104,239350,47.138427247629075,21.651306767401554
"Dalton, GA Metro Area",15405,1021,904,1544,2411,19140,5880,2411,38.169425511197666,15.650762739370332
"Danville, IL Metro Area",9123,849,515,427,1749,19180,3540,1749,38.80302532061822,19.17132522196646
"Danville, KY Micro Area",5706,370,281,337,1296,19220,2284,1296,40.02804065895548,22.71293375394322
"Danville, VA Micro Area",15010,930,684,1269,3227,19260,6110,3227,40.706195869420384,21.499000666222518
"Daphne-Fairhope-Foley, AL Metro Area",20094,1527,1142,2053,4227,19300,8949,4227,44.53568229322186,21.036130188115855
"Davenport-Moline-Rock Island, IA-IL Metro Area",46638,3550,2694,4073,8991,19340,19308,8991,41.39971696899524,19.27827093786183
"Dayton, TN Micro Area",3379,142,114,253,338,19420,847,338,25.066587747854395,10.002959455460195
"Dayton-Kettering, OH Metro Area",119753,10415,6498,8205,24253,19430,49371,24253,41.227359648610054,20.252519769859628
"Decatur, AL Metro Area",15720,1297,446,1297,2724,19460,5764,2724,36.666666666666664,17.32824427480916
"Decatur, IL Metro Area",13472,1059,589,747,2631,19500,5026,2631,37.307007125890735,19.52939429928741
"Decatur, IN Micro Area",2197,153,54,139,277,19540,623,277,28.356850250341374,12.608101957214382
"Defiance, OH Micro Area",3448,143,108,214,652,19580,1117,652,32.395591647331784,18.90951276102088
"Del Rio, TX Micro Area",5668,413,260,440,710,19620,1823,710,32.16302046577276,12.526464361326747
"Deltona-Daytona Beach-Ormond Beach, FL Metro Area",74758,5773,4947,7667,20025,19660,38412,20025,51.38179191524653,26.786430883651246
"Deming, NM Micro Area",2989,372,244,99,519,19700,1234,519,41.2847106055537,17.363666778186683
"Denver-Aurora-Lakewood, CO Metro Area",421824,41919,28382,38530,98838,19740,207669,98838,49.23119594902139,23.43109922621757
"DeRidder, LA Micro Area",2406,163,93,114,311,19760,681,311,28.30423940149626,12.926018287614296
"Des Moines-West Des Moines, IA Metro Area",86217,7233,5249,6351,15465,19780,34298,15465,39.781017664729696,17.937297748703852
"Detroit-Warren-Dearborn, MI Metro Area",513025,42672,28581,39484,123691,19820,234428,123691,45.695239023439406,24.110131085229764
"Dickinson, ND Micro Area",4800,221,304,202,842,19860,1569,842,32.6875,17.541666666666668
"Dixon, IL Micro Area",3988,398,252,207,753,19940,1610,753,40.37111334002006,18.881644934804413
"Dodge City, KS Micro Area",4165,344,196,351,308,19980,1199,308,28.7875150060024,7.394957983193278
"Dothan, AL Metro Area",18100,1324,821,1207,3841,20020,7193,3841,39.74033149171271,21.22099447513812
"Douglas, GA Micro Area",6062,472,275,377,871,20060,1995,871,32.90993071593533,14.36819531507753
"Dover, DE Metro Area",20352,1954,1438,1828,4975,20100,10195,4975,50.093356918238996,24.444772012578618
"Dublin, GA Micro Area",8253,612,463,456,1863,20140,3394,1863,41.12443959772204,22.573609596510362
"DuBois, PA Micro Area",7046,578,434,479,1333,20180,2824,1333,40.079477717854104,18.918535339199547
"Dubuque, IA Metro Area",10673,656,589,705,2680,20220,4630,2680,43.380492832380774,25.1100908835379
"Duluth, MN-WI Metro Area",33355,3185,1805,2602,7626,20260,15218,7626,45.62434417628541,22.86313895967621
"Dumas, TX Micro Area",2452,192,58,165,321,20300,736,321,30.0163132137031,13.091353996737357
"Duncan, OK Micro Area",4306,311,178,400,766,20340,1655,766,38.43474222015792,17.78913144449605
"Durango, CO Micro Area",6655,667,347,774,1465,20420,3253,1465,48.88054094665665,22.01352366641623
"Durant, OK Micro Area",6524,496,404,577,1107,20460,2584,1107,39.60760269773145,16.96811771919068
"Durham-Chapel Hill, NC Metro Area",94981,9245,5434,6877,21459,20500,43015,21459,45.288004969414935,22.592939640559692
"Dyersburg, TN Micro Area",5377,478,297,402,1061,20540,2238,1061,41.621722149897714,19.732192672493955
"Eagle Pass, TX Micro Area",5702,439,452,426,1197,20580,2514,1197,44.0897930550684,20.99263416345142
"Easton, MD Micro Area",4402,199,258,403,1021,20660,1881,1021,42.73057701044979,23.19400272603362
"East Stroudsburg, PA Metro Area",12589,1108,581,1280,3386,20700,6355,3386,50.48057828262769,26.89649694177457
"Eau Claire, WI Metro Area",22395,1679,1263,1571,3965,20740,8478,3965,37.856664434025454,17.704844831435587
"Edwards, CO Micro Area",6310,404,567,692,1648,20780,3311,1648,52.47226624405705,26.11727416798732
"Effingham, IL Micro Area",3129,135,156,181,390,20820,862,390,27.54873761585171,12.464046021093
"El Campo, TX Micro Area",5036,383,239,384,883,20900,1889,883,37.5099285146942,17.533756949960285
"El Centro, CA Metro Area",19902,1839,1543,1537,5146,20940,10065,5146,50.57280675309014,25.85669781931464
"El Dorado, AR Micro Area",4072,220,119,295,813,20980,1447,813,35.53536345776031,19.965618860510805
"Elizabeth City, NC Micro Area",6823,611,496,817,1116,21020,3040,1116,44.55518100542283,16.356441448043384
"Elizabethtown-Fort Knox, KY Metro Area",20407,1161,982,1226,2978,21060,6347,2978,31.102072818150635,14.593031802812762
"Elk City, OK Micro Area",2719,117,107,158,405,21120,787,405,28.94446487679294,14.895182052225083
"Elkhart-Goshen, IN Metro Area",20633,1944,1203,1573,4275,21140,8995,4275,43.59521155430621,20.719236175059372
"Elkins, WV Micro Area",2651,207,130,91,649,21180,1077,649,40.62617880045266,24.481327800829874
"Elko, NV Micro Area",6157,255,273,277,805,21220,1610,805,26.149098586974176,13.074549293487086
"Ellensburg, WA Micro Area",7402,430,428,475,2284,21260,3617,2284,48.86517157524993,30.856525263442315
"Elmira, NY Metro Area",10978,1045,605,783,2958,21300,5391,2958,49.10730552013117,26.944798688285665
"El Paso, TX Metro Area",108524,9244,7411,10141,24594,21340,51390,24594,47.3535807747595,22.66226825402676
"Emporia, KS Micro Area",5831,282,216,570,1138,21380,2206,1138,37.832275767449836,19.516377979763334
"Enid, OK Metro Area",8158,610,520,542,1405,21420,3077,1405,37.71757783770532,17.222358421181664
"Enterprise, AL Micro Area",6218,321,252,410,1129,21460,2112,1129,33.96590543583146,18.156963653908008
"Erie, PA Metro Area",35065,2727,2144,2760,8926,21500,16557,8926,47.21802367032654,25.455582489662053
"Escanaba, MI Micro Area",3426,251,203,184,550,21540,1188,550,34.67600700525394,16.053706946876826
"Española, NM Micro Area",2974,88,135,50,467,21580,740,467,24.88231338264963,15.70275722932078
"Eufaula, AL-GA Micro Area",3343,163,253,230,461,21640,1107,461,33.1139694884834,13.790008973975471
"Eugene-Springfield, OR Metro Area",64535,5535,3668,5982,17207,21660,32392,17207,50.19291857131789,26.663051057565664
"Eureka-Arcata, CA Micro Area",23530,2004,1552,2636,7453,21700,13645,7453,57.989800254993625,31.674458138546534
"Evanston, WY Micro Area",1672,124,34,49,114,21740,321,114,19.198564593301434,6.8181818181818175
"Evansville, IN-KY Metro Area",39932,2592,2199,3373,8712,21780,16876,8712,42.26184513673245,21.81708905138736
"Fairbanks, AK Metro Area",14330,1168,730,1700,2570,21820,6168,2570,43.04256803907886,17.93440334961619
"Fairfield, IA Micro Area",2360,191,154,231,467,21840,1043,467,44.19491525423729,19.78813559322034
"Fairmont, MN Micro Area",2433,175,146,229,384,21860,934,384,38.3888203863543,15.782983970406905
"Fairmont, WV Micro Area",5709,511,263,235,1133,21900,2142,1133,37.51970572779821,19.845857418111752
"Fallon, NV Micro Area",3176,332,190,288,505,21980,1315,505,41.404282115869016,15.900503778337532
"Fargo, ND-MN Metro Area",46553,3591,2582,3701,9230,22020,19104,9230,41.03709750177217,19.826864004468025
"Faribault-Northfield, MN Micro Area",5699,430,347,508,1130,22060,2415,1130,42.37585541323039,19.828040007018775
"Farmington, MO Micro Area",7398,592,563,621,1060,22100,2836,1060,38.33468505001352,14.328196809948635
"Farmington, NM Metro Area",12171,863,542,857,2390,22140,4652,2390,38.222003122175664,19.636841672828854
"Fayetteville, NC Metro Area",80727,6269,4978,7839,17668,22180,36754,17668,45.52875741697326,21.886109975596764
"Fayetteville-Springdale-Rogers, AR Metro Area",77362,6267,4138,4601,12221,22220,27227,12221,35.194281430159506,15.79716139706833
"Fergus Falls, MN Micro Area",4947,395,232,221,878,22260,1726,878,34.88983222154841,17.748130179907015
"Fernley, NV Micro Area",5500,291,350,482,1137,22280,2260,1137,41.09090909090909,20.672727272727272
"Findlay, OH Micro Area",9763,659,581,571,1598,22300,3409,1598,34.917545836320805,16.367919696814504
"Fitzgerald, GA Micro Area",3003,327,107,16,456,22340,906,456,30.16983016983017,15.184815184815184
"Flagstaff, AZ Metro Area",21288,1920,1433,1771,5337,22380,10461,5337,49.14036076662909,25.070462232243518
"Flint, MI Metro Area",49178,3830,3264,3811,12446,22420,23351,12446,47.48261417707105,25.30806458172353
"Florence, SC Metro Area",26195,1374,1416,2446,5626,22500,10862,5626,41.4659286123306,21.47738117961443
"Florence-Muscle Shoals, AL Metro Area",19168,1499,790,1344,3200,22520,6833,3200,35.64795492487479,16.69449081803005
"Fond du Lac, WI Metro Area",12437,1133,651,988,1898,22540,4670,1898,37.54924821098336,15.26091501165876
"Forest City, NC Micro Area",7002,392,377,369,1658,22580,2796,1658,39.93144815766924,23.67894887175093
"Forrest City, AR Micro Area",3707,487,176,268,721,22620,1652,721,44.564337739411926,19.449689776099273
"Fort Collins, CO Metro Area",52796,4395,3346,4688,14113,22660,26542,14113,50.27274793544966,26.731191756951283
"Fort Dodge, IA Micro Area",4724,227,113,430,797,22700,1567,797,33.17104149026249,16.871295512277733
"Fort Leonard Wood, MO Micro Area",6699,510,321,481,995,22780,2307,995,34.437975817286166,14.852963128825197
"Fort Madison-Keokuk, IA-IL-MO Micro Area",5335,471,283,359,936,22800,2049,936,38.40674789128397,17.544517338331772
"Fort Morgan, CO Micro Area",3850,268,301,212,774,22820,1555,774,40.38961038961039,20.103896103896105
"Fort Payne, AL Micro Area",6716,520,292,229,1275,22840,2316,1275,34.48481238832638,18.984514592019057
"Fort Polk South, LA Micro Area",7917,539,576,555,1203,22860,2873,1203,36.28899835796388,15.195149677908299
"Fort Smith, AR-OK Metro Area",32262,2154,1857,2845,5461,22900,12317,5461,38.17804227884198,16.92703490174199
"Fort Wayne, IN Metro Area",48941,3986,2661,3521,9932,23060,20100,9932,41.069859626897696,20.29382317484318
"Frankfort, IN Micro Area",3381,360,173,313,516,23140,1362,516,40.28393966282165,15.261756876663709
"Frankfort, KY Micro Area",10230,728,843,580,1970,23180,4121,1970,40.283479960899314,19.257086999022484
"Fredericksburg, TX Micro Area",3330,366,337,288,464,23240,1455,464,43.693693693693696,13.933933933933934
"Freeport, IL Micro Area",5889,744,250,470,1133,23300,2597,1133,44.099167940227545,19.23925963661063
"Fremont, NE Micro Area",5011,346,290,408,841,23340,1885,841,37.617242067451606,16.78307723009379
"Fremont, OH Micro Area",6216,452,363,250,1242,23380,2307,1242,37.11389961389961,19.98069498069498
"Fresno, CA Metro Area",145867,12365,9819,13543,38249,23420,73976,38249,50.71469215106912,26.221832217019614
"Gadsden, AL Metro Area",10337,752,475,883,2182,23460,4292,2182,41.52075070136403,21.10863887007836
"Gaffney, SC Micro Area",6209,583,329,302,1184,23500,2398,1184,38.62135609598969,19.06909325173136
"Gainesville, FL Metro Area",54195,3717,3285,4446,17054,23540,28502,17054,52.59156748777563,31.467847587415815
"Gainesville, GA Metro Area",20817,1487,1784,2028,4518,23580,9817,4518,47.15857232069943,21.703415477734545
"Gainesville, TX Micro Area",5004,520,413,239,694,23620,1866,694,37.29016786570743,13.86890487609912
"Galesburg, IL Micro Area",6488,713,445,385,1813,23660,3356,1813,51.72626387176326,27.943896424167697
"Gallup, NM Micro Area",5879,362,267,341,902,23700,1872,902,31.84215002551454,15.342745364857969
"Garden City, KS Micro Area",4973,333,292,261,706,23780,1592,706,32.01286949527448,14.19666197466318
"Gardnerville Ranchos, NV Micro Area",4888,382,160,426,1214,23820,2182,1214,44.63993453355155,24.83633387888707
"Georgetown, SC Micro Area",4748,548,229,425,898,23860,2100,898,44.229149115417016,18.91322662173547
"Gettysburg, PA Metro Area",8742,679,487,677,1472,23900,3315,1472,37.920384351407,16.838252116220545
"Gillette, WY Micro Area",4665,270,369,471,762,23940,1872,762,40.12861736334405,16.334405144694532
"Glasgow, KY Micro Area",6860,415,371,438,1528,23980,2752,1528,40.116618075801746,22.27405247813411
"Glens Falls, NY Metro Area",15065,1560,762,1075,3201,24020,6598,3201,43.79688018586127,21.247925655492864
"Glenwood Springs, CO Micro Area",9569,1140,605,1192,1528,24060,4465,1528,46.66109311317797,15.96823074511443
"Gloversville, NY Micro Area",6838,630,318,593,1316,24100,2857,1316,41.78122257970167,19.245393389880082
"Goldsboro, NC Metro Area",18151,1804,941,1661,3420,24140,7826,3420,43.1160817585808,18.84193708335629
"Granbury, TX Micro Area",4855,417,304,440,1182,24180,2343,1182,48.259526261586,24.346035015447992
"Grand Forks, ND-MN Metro Area",18562,1289,1278,1703,3862,24220,8132,3862,43.809934274323886,20.80594763495313
"Grand Island, NE Metro Area",10371,1145,454,1017,1518,24260,4134,1518,39.861151287243274,14.636968469771478
"Grand Junction, CO Metro Area",17781,1079,1233,1416,4021,24300,7749,4021,43.58022608402227,22.614026207749845
"Grand Rapids, MN Micro Area",3179,342,237,124,1017,24330,1720,1017,54.10506448568732,31.991192198804658
"Grand Rapids-Kentwood, MI Metro Area",109085,10174,7303,8584,22843,24340,48904,22843,44.83109501764679,20.940550946509603
"Grants, NM Micro Area",2351,187,41,143,457,24380,828,457,35.2190557209698,19.438536792854105
"Grants Pass, OR Metro Area",10645,1046,987,921,2956,24420,5910,2956,55.51902301550024,27.768905589478628
"Great Bend, KS Micro Area",3282,411,219,243,384,24460,1257,384,38.29981718464351,11.70018281535649
"Great Falls, MT Metro Area",11060,788,616,1075,1958,24500,4437,1958,40.11754068716094,17.703435804701627
"Greeley, CO Metro Area",28700,2404,2102,2624,6881,24540,14011,6881,48.818815331010455,23.975609756097562
"Green Bay, WI Metro Area",42160,3990,2133,2996,6915,24580,16034,6915,38.03130929791271,16.40180265654649
"Greeneville, TN Micro Area",6829,412,338,400,757,24620,1907,757,27.925025626006736,11.085078342363449
"Greensboro-High Point, NC Metro Area",111875,9563,7295,10856,23051,24660,50765,23051,45.37653631284916,20.604245810055865
"Greensburg, IN Micro Area",2715,106,123,68,435,24700,732,435,26.96132596685083,16.022099447513813
"Greenville, MS Micro Area",7304,722,469,469,1965,24740,3625,1965,49.630339539978095,26.90306681270537
"Greenville, NC Metro Area",35193,2762,1835,2391,8675,24780,15663,8675,44.506009717841614,24.649788310175317
"Greenville, OH Micro Area",5935,490,174,447,793,24820,1904,793,32.08087615838247,13.361415332771692
"Greenville-Anderson, SC Metro Area",108358,9003,6651,8450,24452,24860,48556,24452,44.810720020672214,22.56593883238893
"Greenwood, MS Micro Area",5071,473,247,416,1123,24900,2259,1123,44.54742654308815,22.14553342535989
"Greenwood, SC Micro Area",9657,872,662,518,2099,24940,4151,2099,42.984363674018844,21.735528632080356
"Grenada, MS Micro Area",2677,315,111,244,454,24980,1124,454,41.987299215539785,16.95928277923048
"Guayama, PR Metro Area",7588,438,156,452,1181,25020,2227,1181,29.348972061149183,15.564048497627834
"Gulfport-Biloxi, MS Metro Area",53527,4097,3151,4823,12349,25060,24420,12349,45.621835709081395,23.070599884170605
"Guymon, OK Micro Area",2195,293,3,143,330,25100,769,330,35.03416856492027,15.034168564920272
"Hagerstown-Martinsburg, MD-WV Metro Area",33481,3210,2229,2111,6589,25180,14139,6589,42.229921447985426,19.679818404468204
"Hailey, ID Micro Area",2394,278,69,272,169,25200,788,169,32.9156223893066,7.059314954051795
"Hammond, LA Metro Area",13280,830,625,1360,3629,25220,6444,3629,48.524096385542165,27.326807228915662
"Hanford-Corcoran, CA Metro Area",19670,1818,1139,1632,3936,25260,8525,3936,43.340111845449925,20.010167768174885
"Hannibal, MO Micro Area",4039,224,148,271,657,25300,1300,657,32.18618469918297,16.266402574894776
"Harrisburg-Carlisle, PA Metro Area",77726,5849,3925,5934,14986,25420,30694,14986,39.49000334508401,19.280549623034762
"Harrison, AR Micro Area",5265,477,239,312,659,25460,1687,659,32.04178537511871,12.516619183285849
"Harrisonburg, VA Metro Area",18435,1345,754,1085,4037,25500,7221,4037,39.170056956875506,21.89856251695145
"Hartford-East Hartford-Middletown, CT Metro Area",160785,13422,9970,13016,39299,25540,75707,39299,47.08585999937805,24.44195665018503
"Hastings, NE Micro Area",4026,348,132,306,961,25580,1747,961,43.392945851962246,23.86984600099354
"Hattiesburg, MS Metro Area",23726,1458,1291,2075,5201,25620,10025,5201,42.25322431088258,21.921099216049903
"Hays, KS Micro Area",4623,537,246,267,1180,25700,2230,1180,48.237075492104694,25.524551157257193
"Heber, UT Micro Area",5175,499,315,298,980,25720,2092,980,40.42512077294686,18.937198067632853
"Helena, MT Micro Area",9718,888,373,758,1617,25740,3636,1617,37.4151059888866,16.63922617822597
"Helena-West Helena, AR Micro Area",2862,84,170,330,698,25760,1282,698,44.793850454227815,24.388539482879107
"Henderson, NC Micro Area",6605,674,415,466,1427,25780,2982,1427,45.14761544284633,21.604844814534445
"Hereford, TX Micro Area",2141,94,33,86,287,25820,500,287,23.353573096683792,13.404950957496498
"Hermiston-Pendleton, OR Micro Area",10442,1045,507,562,1587,25840,3701,1587,35.44340164719402,15.198237885462554
"Hickory-Lenoir-Morganton, NC Metro Area",37822,2841,1802,2657,5711,25860,13011,5711,34.400613399608694,15.09967743641267
"Hillsdale, MI Micro Area",3543,379,124,359,433,25880,1295,433,36.550945526390066,12.221281399943551
"Hilo, HI Micro Area",20690,1658,1116,1400,4899,25900,9073,4899,43.85210246495892,23.678105364910586
"Hilton Head Island-Bluffton, SC Metro Area",21740,1488,1578,2035,4308,25940,9409,4308,43.27966881324747,19.816007359705612
"Hinesville, GA Metro Area",14091,1359,1266,933,2653,25980,6211,2653,44.07778014335391,18.827620466964728
"Hobbs, NM Micro Area",7700,533,357,329,1524,26020,2743,1524,35.62337662337662,19.79220779220779
"Holland, MI Micro Area",6630,476,408,668,853,26090,2405,853,36.27450980392157,12.8657616892911
"Homosassa Springs, FL Metro Area",9890,750,631,668,2710,26140,4759,2710,48.119312436804854,27.401415571284126
"Hood River, OR Micro Area",2869,260,102,140,593,26220,1095,593,38.16660857441617,20.669222725688392
"Hope, AR Micro Area",3429,243,169,347,684,26260,1443,684,42.082239720035,19.94750656167979
"Hot Springs, AR Metro Area",13711,1037,647,756,2615,26300,5055,2615,36.86820800816862,19.072277733206914
"Houghton, MI Micro Area",4466,344,230,361,1191,26340,2126,1191,47.60412001791312,26.668159426780118
"Houma-Thibodaux, LA Metro Area",18709,1340,1401,1069,3975,26380,7785,3975,41.61098936340799,21.246458923512748
"Houston-The Woodlands-Sugar Land, TX Metro Area",982172,84560,68827,88772,230882,26420,473041,230882,48.16274542544483,23.50728792920181
"Hudson, NY Micro Area",6432,388,272,416,1753,26460,2829,1753,43.98320895522388,27.254353233830848
"Huntingdon, PA Micro Area",3388,140,196,180,643,26500,1159,643,34.20897284533648,18.97874852420307
"Huntington, IN Micro Area",3703,333,144,355,460,26540,1292,460,34.89062921955171,12.422360248447205
"Huntington-Ashland, WV-KY-OH Metro Area",38131,2535,1718,2428,9013,26580,15694,9013,41.15811282158873,23.63693582649288
"Huntsville, AL Metro Area",59628,4757,3165,3962,11477,26620,23361,11477,39.177902998591264,19.247668880391764
"Huntsville, TX Micro Area",11099,694,793,1282,3311,26660,6080,3311,54.779709883773315,29.83151635282458
"Huron, SD Micro Area",2354,222,180,65,282,26700,749,282,31.818181818181817,11.979609175870857
"Hutchinson, KS Micro Area",7467,460,245,701,1432,26740,2838,1432,38.00723182000804,19.17771528056783
"Hutchinson, MN Micro Area",3434,213,187,200,627,26780,1227,627,35.73092603377985,18.25859056493885
"Idaho Falls, ID Metro Area",14211,948,1010,1121,2157,26820,5236,2157,36.844697769333614,15.178382942790797
"Indiana, PA Micro Area",9217,634,443,929,1725,26860,3731,1725,40.479548660084625,18.715417163936205
"Indianapolis-Carmel-Anderson, IN Metro Area",277043,24989,17508,22355,59637,26900,124489,59637,44.9349018022473,21.52626126630162
"Indianola, MS Micro Area",3580,172,230,359,662,26940,1423,662,39.74860335195531,18.491620111731844
"Iowa City, IA Metro Area",27631,2307,1646,2497,7800,26980,14250,7800,51.572509138286705,28.229162896746406
"Iron Mountain, MI-WI Micro Area",2160,190,101,148,428,27020,867,428,40.138888888888886,19.814814814814817
"Ithaca, NY Metro Area",19656,1433,1113,1345,6710,27060,10601,6710,53.93264143264143,34.13715913715914
"Jackson, MI Metro Area",15865,1015,977,1251,3545,27100,6788,3545,42.78600693350142,22.34478411597857
"Jackson, MS Metro Area",73060,7095,4495,5919,16515,27140,34024,16515,46.569942513003014,22.604708458800985
"Jackson, OH Micro Area",3192,162,149,162,659,27160,1132,659,35.46365914786968,20.645363408521302
"Jackson, TN Metro Area",24662,2181,1366,2159,5610,27180,11316,5610,45.88435649987836,22.747546833184657
"Jackson, WY-ID Micro Area",4575,333,238,207,885,27220,1663,885,36.349726775956285,19.34426229508197
"Jacksonville, FL Metro Area",212834,21820,13506,20475,48767,27260,104568,48767,49.13124782694494,22.91316237067386
"Jacksonville, IL Micro Area",4205,468,294,156,558,27300,1476,558,35.10107015457788,13.269916765755054
"Jacksonville, NC Metro Area",29164,2777,1283,3024,6311,27340,13395,6311,45.92991359209985,21.639692771910575
"Jacksonville, TX Micro Area",5067,329,199,209,942,27380,1679,942,33.135977896191044,18.590882178804026
"Jamestown, ND Micro Area",3213,280,233,187,730,27420,1430,730,44.5066915655151,22.720199190787426
"Jamestown-Dunkirk-Fredonia, NY Micro Area",16514,1423,828,1303,4358,27460,7912,4358,47.910863509749305,26.38972992612329
"Janesville-Beloit, WI Metro Area",19977,1616,1147,1405,3599,27500,7767,3599,38.87971166841868,18.015718075787156
"Jasper, AL Micro Area",5566,364,179,224,882,27530,1649,882,29.626302551203736,15.846209126841536
"Jasper, IN Micro Area",4652,229,293,162,809,27540,1493,809,32.09372312983663,17.39036973344798
"Jayuya, PR Micro Area",2011,241,23,54,151,27580,469,151,23.321730482347093,7.5087021382396815
"Jefferson, GA Micro Area",5178,453,161,350,866,27600,1830,866,35.34183082271147,16.72460409424488
"Jefferson City, MO Metro Area",15701,1084,870,895,2237,27620,5086,2237,32.39284122030444,14.247500159225526
"Jennings, LA Micro Area",2611,310,202,195,440,27660,1147,440,43.92952891612409,16.85178092684795
"Jesup, GA Micro Area",3831,209,274,194,800,27700,1477,800,38.553902375358916,20.882276168102322
"Johnson City, TN Metro Area",28283,1890,1434,2392,5271,27740,10987,5271,38.84665700243963,18.63663684899056
"Johnstown, PA Metro Area",13453,812,570,867,2810,27780,5059,2810,37.604995168363935,20.88753437894893
"Jonesboro, AR Metro Area",20376,1649,1039,1782,4453,27860,8923,4453,43.79171574401256,21.85414212799372
"Joplin, MO Metro Area",23116,2001,1183,1835,4468,27900,9487,4468,41.04083751514103,19.32860356463056
"Juneau, AK Micro Area",4652,357,157,301,834,27940,1649,834,35.44711951848667,17.927773000859844
"Kahului-Wailuku-Lahaina, HI Metro Area",18970,1436,1150,1679,4649,27980,8914,4649,46.98998418555614,24.507116499736426
"Kalamazoo-Portage, MI Metro Area",38068,3117,2225,3801,8631,28020,17774,8631,46.69013344541347,22.672585898917728
"Kalispell, MT Micro Area",10826,1456,594,571,2614,28060,5235,2614,48.35581008682801,24.14557546646961
"Kankakee, IL Metro Area",12957,1259,694,1230,2953,28100,6136,2953,47.35664119780814,22.790769468241105
"Kansas City, MO-KS Metro Area",301048,24771,17753,24040,60109,28140,126673,60109,42.07734314793654,19.966583401982408
"Kapaa, HI Micro Area",8082,706,334,678,1615,28180,3333,1615,41.239792130660724,19.98267755506063
"Kearney, NE Micro Area",7206,438,387,427,1375,28260,2627,1375,36.45573133499861,19.081321121287818
"Keene, NH Micro Area",8885,676,550,725,1799,28300,3750,1799,42.20596510973551,20.247608328643782
"Kendallville, IN Micro Area",4142,646,235,222,464,28340,1567,464,37.831965234186384,11.202317720907775
"Kennett, MO Micro Area",4175,250,243,395,751,28380,1639,751,39.25748502994012,17.98802395209581
"Kennewick-Richland, WA Metro Area",32651,2991,2033,3232,6050,28420,14306,6050,43.8148908149827,18.52929466172552
"Kerrville, TX Micro Area",6453,711,408,454,1264,28500,2837,1264,43.964047729738105,19.58778862544553
"Ketchikan, AK Micro Area",1912,175,142,173,411,28540,901,411,47.12343096234309,21.49581589958159
"Key West, FL Micro Area",12997,1469,1000,1180,3620,28580,7269,3620,55.928291144110176,27.85258136493037
"Kill Devil Hills, NC Micro Area",3568,198,376,335,822,28620,1731,822,48.51457399103139,23.03811659192825
"Killeen-Temple, TX Metro Area",73297,6831,5090,6909,14302,28660,33132,14302,45.20239573243107,19.512394777412446
"Kingsport-Bristol, TN-VA Metro Area",33585,2346,1497,2339,5497,28700,11679,5497,34.77445288075033,16.367425934196813
"Kingston, NY Metro Area",22290,1693,1682,1507,6267,28740,11149,6267,50.01794526693585,28.115746971736204
"Kingsville, TX Micro Area",5504,501,262,259,1842,28780,2864,1842,52.03488372093023,33.46656976744186
"Kinston, NC Micro Area",9333,599,630,774,1671,28820,3674,1671,39.365691631843994,17.90421086467374
"Kirksville, MO Micro Area",3708,314,193,167,607,28860,1281,607,34.54692556634304,16.370010787486518
"Klamath Falls, OR Micro Area",9291,883,379,695,2397,28900,4354,2397,46.86255516090841,25.79916047788182
"Knoxville, TN Metro Area",107636,8792,5562,8903,21425,28940,44682,21425,41.51213348693746,19.90505035489985
"Kokomo, IN Metro Area",9905,753,580,614,2004,29020,3951,2004,39.8889449772842,20.23220595658758
"Laconia, NH Micro Area",5945,420,306,557,1102,29060,2385,1102,40.11774600504626,18.536585365853657
"La Crosse-Onalaska, WI-MN Metro Area",20356,1586,803,1526,4621,29100,8536,4621,41.93358223619572,22.700923560620947
"Lafayette, LA Metro Area",57602,3533,3522,5090,12661,29180,24806,12661,43.06447692788445,21.980139578486856
"Lafayette-West Lafayette, IN Metro Area",37533,3624,2153,3149,9723,29200,18649,9723,49.686942157568005,25.90520342098953
"La Grande, OR Micro Area",3573,248,86,284,736,29260,1354,736,37.895326056535126,20.5989364679541
"LaGrange, GA-AL Micro Area",14026,1075,1047,1221,3357,29300,6700,3357,47.768430058462855,23.934122344217883
"Lake Charles, LA Metro Area",22674,1645,1076,1480,5210,29340,9411,5210,41.505689335803126,22.977860104083973
"Lake City, FL Micro Area",7541,604,491,512,1437,29380,3044,1437,40.365999204349556,19.055828139504044
"Lake Havasu City-Kingman, AZ Metro Area",26102,2071,1821,2347,4771,29420,11010,4771,42.180675810282736,18.27829285112252
"Lakeland-Winter Haven, FL Metro Area",79810,6298,5465,6961,18607,29460,37331,18607,46.77484024558326,23.314121037463977
"Lamesa, TX Micro Area",1173,154,23,123,293,29500,593,293,50.554134697357206,24.978687127024724
"Lancaster, PA Metro Area",62803,4738,4363,5022,13435,29540,27558,13435,43.88006942343519,21.392290177220833
"Lansing-East Lansing, MI Metro Area",71157,5256,4128,6086,17311,29620,32781,17311,46.06855263712635,24.327894655480137
"Laramie, WY Micro Area",8055,751,360,716,2561,29660,4388,2561,54.475481067659835,31.793916821849784
"Laredo, TX Metro Area",28570,2306,1536,2534,6569,29700,12945,6569,45.309765488274415,22.992649632481623
"Las Cruces, NM Metro Area",29456,2022,2220,3022,7382,29740,14646,7382,49.72161868549701,25.061108093427485
"Las Vegas, NM Micro Area",3493,260,177,351,788,29780,1576,788,45.11880904666476,22.55940452333238
"Las Vegas-Henderson-Paradise, NV Metro Area",364659,31831,25671,36389,93518,29820,187409,93518,51.39294518988973,25.64532892373423
"Laurel, MS Micro Area",7177,539,289,364,1693,29860,2885,1693,40.197854256653194,23.589243416469277
"Laurinburg, NC Micro Area",4915,246,264,294,1109,29900,1913,1109,38.921668362156666,22.563580874872837
"Lawrence, KS Metro Area",24601,1982,1641,1861,6779,29940,12263,6779,49.84756717206618,27.55579041502378
"Lawrenceburg, TN Micro Area",4058,241,222,347,614,29980,1424,614,35.09117792015771,15.130606209955644
"Lawton, OK Metro Area",20560,1615,1134,1343,4046,30020,8138,4046,39.58171206225681,19.67898832684825
"Lebanon, MO Micro Area",4284,290,279,268,481,30060,1318,481,30.765639589169,11.227824463118582
"Lebanon, NH-VT Micro Area",22528,1925,1656,1666,4667,30100,9914,4667,44.00745738636363,20.716441761363637
"Lebanon, PA Metro Area",15717,1423,749,1535,3323,30140,7030,3323,44.728637780746965,21.142711713431318
"Levelland, TX Micro Area",2157,221,111,102,384,30220,818,384,37.92304126101066,17.80250347705146
"Lewisburg, PA Micro Area",4016,374,378,307,748,30260,1807,748,44.995019920318725,18.625498007968126
"Lewisburg, TN Micro Area",3013,138,246,186,486,30280,1056,486,35.04812479256555,16.130102887487556
"Lewiston, ID-WA Metro Area",7508,667,428,510,1737,30300,3342,1737,44.5125199786894,23.135322322855618
"Lewiston-Auburn, ME Metro Area",15375,1324,913,1256,2930,30340,6423,2930,41.77560975609756,19.056910569105693
"Lewistown, PA Micro Area",5304,538,133,337,858,30380,1866,858,35.18099547511312,16.176470588235293
"Lexington, NE Micro Area",3032,146,64,161,571,30420,942,571,31.068601583113455,18.83245382585752
"Lexington-Fayette, KY Metro Area",83906,7591,4763,6449,18413,30460,37216,18413,44.3543965866565,21.944795366243177
"Liberal, KS Micro Area",2456,228,122,241,417,30580,1008,417,41.042345276872965,16.978827361563518
"Lima, OH Metro Area",13241,981,929,655,2414,30620,4979,2414,37.6029000830753,18.23125141605619
"Lincoln, IL Micro Area",3260,324,109,281,473,30660,1187,473,36.41104294478528,14.50920245398773
"Lincoln, NE Metro Area",54635,3925,3658,4120,11399,30700,23102,11399,42.28425002287911,20.86391507275556
"Little Rock-North Little Rock-Conway, AR Metro Area",108514,9169,5812,8018,23729,30780,46728,23729,43.06172475440957,21.86722450559375
"Lock Haven, PA Micro Area",4255,415,268,234,814,30820,1731,814,40.68155111633372,19.130434782608695
"Logan, UT-ID Metro Area",16026,1147,1019,1347,3445,30860,6958,3445,43.41694746037689,21.49631848246599
"Logansport, IN Micro Area",3781,202,254,239,457,30900,1152,457,30.468130124305738,12.086749537159482
"London, KY Micro Area",16948,1002,902,824,2857,30940,5585,2857,32.9537408543781,16.85744630634883
"Longview, TX Metro Area",32480,2591,1861,2588,6869,30980,13909,6869,42.82327586206897,21.148399014778324
"Longview, WA Metro Area",14503,1396,1139,1293,3091,31020,6919,3091,47.70737088878163,21.31283182789768
"Los Alamos, NM Micro Area",2220,117,74,191,148,31060,530,148,23.873873873873872,6.666666666666667
"Los Angeles-Long Beach-Anaheim, CA Metro Area",2274256,204481,152113,220105,655811,31080,1232510,655811,54.1939869566135,28.836287559535954
"Louisville/Jefferson County, KY-IN Metro Area",165320,13208,10331,12369,33057,31140,68965,33057,41.716065811759016,19.995765787563514
"Lubbock, TX Metro Area",55189,4583,2564,4398,15289,31180,26834,15289,48.62200800884234,27.702984290347715
"Ludington, MI Micro Area",2687,296,200,258,378,31220,1132,378,42.12876814291031,14.067733531819874
"Lufkin, TX Micro Area",11203,1205,555,922,2162,31260,4844,2162,43.23841828081764,19.29840221369276
"Lumberton, NC Micro Area",14628,1113,731,1011,2681,31300,5536,2681,37.84522832923161,18.327864369701942
"Lynchburg, VA Metro Area",30265,2311,1585,2337,6269,31340,12502,6269,41.30844209482901,20.713695688088553
"Macomb, IL Micro Area",4494,250,223,297,1514,31380,2284,1514,50.823319982198484,33.689363595905654
"Macon-Bibb County, GA Metro Area",32861,2692,1964,2460,9149,31420,16265,9149,49.496363470375215,27.841514257022006
"Madera, CA Metro Area",15138,1470,825,1133,3574,31460,7002,3574,46.25445897740785,23.609459637997094
"Madison, IN Micro Area",3872,442,199,294,526,31500,1461,526,37.732438016528924,13.584710743801654
"Madison, WI Metro Area",113175,9339,5995,8721,24090,31540,48145,24090,42.54031367351447,21.285619615639494
"Madisonville, KY Micro Area",5516,450,241,310,906,31580,1907,906,34.57215373459028,16.424945612762873
"Magnolia, AR Micro Area",2166,148,38,126,384,31620,696,384,32.13296398891967,17.72853185595568
"Malone, NY Micro Area",5510,524,291,269,1082,31660,2166,1082,39.310344827586206,19.637023593466424
"Malvern, AR Micro Area",2540,95,98,205,278,31680,676,278,26.614173228346456,10.94488188976378
"Manchester-Nashua, NH Metro Area",54683,6071,3725,4556,11103,31700,25455,11103,46.55011612384105,20.304299325201615
"Manhattan, KS Metro Area",24512,1867,1322,2565,5894,31740,11648,5894,47.51958224543081,24.04536553524804
"Manitowoc, WI Micro Area",8370,553,419,479,1073,31820,2524,1073,30.15531660692951,12.819593787335723
"Mankato, MN Metro Area",13803,1120,618,1158,3084,31860,5980,3084,43.32391509092226,22.342968919800043
"Mansfield, OH Metro Area",15876,1381,785,1287,3178,31900,6631,3178,41.767447719828674,20.01763668430335
"Marietta, OH Micro Area",6379,549,428,602,1313,31930,2892,1313,45.33625960181847,20.583163505251605
"Marinette, WI-MI Micro Area",5743,466,210,342,950,31940,1968,950,34.267804283475535,16.541877067734635
"Marion, IN Micro Area",7426,425,449,380,1590,31980,2844,1590,38.297872340425535,21.41125774306491
"Marion, NC Micro Area",4833,298,184,303,549,32000,1334,549,27.60190357955721,11.359404096834265
"Marion, OH Micro Area",7972,675,322,675,1830,32020,3502,1830,43.928750627195186,22.955343702960363
"Marquette, MI Micro Area",7872,740,420,788,2121,32100,4069,2121,51.6895325203252,26.943597560975608
"Marshall, MN Micro Area",2970,418,215,116,542,32140,1291,542,43.46801346801347,18.24915824915825
"Marshall, MO Micro Area",2153,341,242,129,272,32180,984,272,45.70366929865304,12.633534602879703
"Marshalltown, IA Micro Area",4051,242,201,266,549,32260,1258,549,31.05406072574673,13.552209331029374
"Martin, TN Micro Area",4570,277,322,331,834,32280,1764,834,38.59956236323851,18.249452954048138
"Martinsville, VA Micro Area",8029,608,380,576,1808,32300,3372,1808,41.99775812679039,22.51837090546768
"Maryville, MO Micro Area",3022,244,150,247,636,32340,1277,636,42.25678358702846,21.045665122435473
"Mason City, IA Micro Area",6243,360,171,470,843,32380,1844,843,29.537081531315074,13.503123498318118
"Mayagüez, PR Metro Area",16301,652,478,940,3329,32420,5399,3329,33.12066744371511,20.422059996319245
"Mayfield, KY Micro Area",3605,247,191,200,724,32460,1362,724,37.78085991678225,20.083217753120667
"Maysville, KY Micro Area",2099,34,131,86,458,32500,709,458,33.77798951881849,21.819914244878515
"McAlester, OK Micro Area",4865,393,248,407,1050,32540,2098,1050,43.12435765673176,21.58273381294964
"McAllen-Edinburg-Mission, TX Metro Area",82786,5786,5065,5774,20962,32580,37587,20962,45.40260430507574,25.320706399632787
"McComb, MS Micro Area",5148,410,102,410,1058,32620,1980,1058,38.46153846153846,20.55167055167055
"McMinnville, TN Micro Area",4623,456,247,490,583,32660,1776,583,38.416612589227775,12.610858749729612
"McPherson, KS Micro Area",3100,220,152,157,791,32700,1320,791,42.58064516129032,25.516129032258068
"Meadville, PA Micro Area",8706,575,413,730,1393,32740,3111,1393,35.73397656788422,16.00045945325063
"Medford, OR Metro Area",31425,2766,2109,2994,7476,32780,15345,7476,48.83054892601432,23.789976133651553
"Memphis, TN-MS-AR Metro Area",200672,16680,13125,17048,50850,32820,97703,50850,48.687908627013236,25.339858076861745
"Menomonie, WI Micro Area",5809,405,292,310,1178,32860,2185,1178,37.6140471681873,20.278877603718367
"Merced, CA Metro Area",38604,3044,2342,3208,8142,32900,16736,8142,43.353020412392496,21.09107864470003
"Meridian, MS Micro Area",12188,814,380,977,3367,32940,5538,3367,45.43813587134887,27.625533311453886
"Mexico, MO Micro Area",2509,234,124,142,403,33020,903,403,35.99043443603029,16.06217616580311
"Miami, OK Micro Area",3812,263,167,324,636,33060,1390,636,36.46379853095488,16.684155299055615
"Miami-Fort Lauderdale-Pompano Beach, FL Metro Area",914000,84774,67073,99492,291059,33100,542398,291059,59.34332603938731,31.844529540481396
"Michigan City-La Porte, IN Metro Area",11186,938,441,1040,2238,33140,4657,2238,41.632397639907026,20.00715179688897
"Middlesborough, KY Micro Area",3490,264,323,256,684,33180,1527,684,43.75358166189112,19.598853868194844
"Midland, MI Metro Area",7567,632,441,637,1623,33220,3333,1623,44.046517774547375,21.448394343861505
"Midland, TX Metro Area",22281,1953,883,1647,4808,33260,9291,4808,41.699205601184865,21.578923746690005
"Milledgeville, GA Micro Area",6571,516,416,542,1871,33300,3345,1871,50.905493836554555,28.473596104093744
"Milwaukee-Waukesha, WI Metro Area",258417,20101,15581,21294,59978,33340,116954,59978,45.257858422626995,23.20977335082444
"Minden, LA Micro Area",4875,330,292,456,1591,33380,2669,1591,54.748717948717946,32.63589743589744
"Mineral Wells, TX Micro Area",2973,275,163,174,687,33420,1299,687,43.69323915237134,23.107971745711403
"Minneapolis-St. Paul-Bloomington, MN-WI Metro Area",418397,37939,27111,33426,91113,33460,189589,91113,45.31318341192695,21.77668577929574
"Minot, ND Micro Area",11561,645,776,635,2134,33500,4190,2134,36.242539572701325,18.458610846812558
"Missoula, MT Metro Area",20774,1929,1478,1546,4409,33540,9362,4409,45.06594781938962,21.223644940791374
"Mitchell, SD Micro Area",3282,261,197,130,358,33580,946,358,28.82388787324802,10.907982937233394
"Moberly, MO Micro Area",2892,226,166,404,465,33620,1261,465,43.603042876901796,16.07883817427386
"Mobile, AL Metro Area",58909,5280,3357,4416,14635,33660,27688,14635,47.00130710078256,24.843402536115025
"Modesto, CA Metro Area",69388,5121,4523,6318,18004,33700,33966,18004,48.95082723237447,25.946849599354355
"Monroe, LA Metro Area",29126,2294,1361,3032,7751,33740,14438,7751,49.57083018608803,26.611961821053352
"Monroe, MI Metro Area",11974,922,966,1330,2370,33780,5588,2370,46.66778019041256,19.792884583263735
"Montgomery, AL Metro Area",52121,3142,2820,4205,12795,33860,22962,12795,44.05517929433434,24.548646418909843
"Montrose, CO Micro Area",4652,307,262,402,1261,33940,2232,1261,47.97936371453138,27.106620808254515
"Morehead City, NC Micro Area",8240,601,730,989,1496,33980,3816,1496,46.310679611650485,18.155339805825243
"Morgan City, LA Micro Area",5682,414,533,289,1430,34020,2666,1430,46.92009855684618,25.167194649771208
"Morgantown, WV Metro Area",21440,1558,770,1967,6359,34060,10654,6359,49.69216417910448,29.65951492537313
"Morristown, TN Metro Area",15729,1271,947,1249,3039,34100,6506,3039,41.36308729099116,19.32099942780851
"Moscow, ID Micro Area",6384,365,307,787,1491,34140,2950,1491,46.209273182957396,23.355263157894736
"Moses Lake, WA Micro Area",11861,1079,662,639,1855,34180,4235,1855,35.70525250822022,15.639490768063402
"Moultrie, GA Micro Area",5825,507,236,353,1142,34220,2238,1142,38.4206008583691,19.605150214592275
"Mountain Home, AR Micro Area",4879,387,213,508,766,34260,1874,766,38.40951014552162,15.69993851199016
"Mountain Home, ID Micro Area",4032,346,453,332,377,34300,1508,377,37.40079365079365,9.350198412698413
"Mount Airy, NC Micro Area",7885,646,284,709,1352,34340,2991,1352,37.93278376664553,17.146480659480027
"Mount Gay-Shamrock, WV Micro Area",3005,80,72,190,463,34350,805,463,26.788685524126457,15.407653910149751
"Mount Pleasant, MI Micro Area",9535,804,426,687,2864,34380,4781,2864,50.14158363922391,30.03670686942842
"Mount Pleasant, TX Micro Area",4541,410,250,435,775,34420,1870,775,41.180356749614624,17.066725390883065
"Mount Sterling, KY Micro Area",5561,159,190,164,772,34460,1285,772,23.107354792303543,13.882395252652401
"Mount Vernon, IL Micro Area",4140,298,187,294,742,34500,1521,742,36.73913043478261,17.92270531400966
"Mount Vernon, OH Micro Area",6233,525,331,482,1240,34540,2578,1240,41.36050056152735,19.894111984598105
"Mount Vernon-Anacortes, WA Metro Area",15078,1765,824,1404,3320,34580,7313,3320,48.5011274704868,22.018835389308926
"Muncie, IN Metro Area",15889,1194,901,1016,4514,34620,7625,4514,47.98917490087482,28.40959154131789
"Murray, KY Micro Area",5266,328,191,344,1131,34660,1994,1131,37.86555260159514,21.477402202810485
"Muscatine, IA Micro Area",4203,335,198,429,626,34700,1588,626,37.782536283606944,14.894123245300975
"Muskegon, MI Metro Area",15135,1077,861,1532,3377,34740,6847,3377,45.2395110670631,22.31252064750578
"Muskogee, OK Micro Area",8517,687,480,641,1637,34780,3445,1637,40.44851473523541,19.220382763883997
"Myrtle Beach-Conway-North Myrtle Beach, SC-NC Metro Area",45220,3528,3000,3539,10755,34820,20822,10755,46.04599734630694,23.783724015922157
"Nacogdoches, TX Micro Area",10185,830,731,967,2990,34860,5518,2990,54.17771232204222,29.356897398134514
"Napa, CA Metro Area",17142,1616,1223,1726,4101,34900,8666,4101,50.55419437638549,23.92369618480924
"Naples-Marco Island, FL Metro Area",39406,3569,2844,4146,12075,34940,22634,12075,57.43795361112521,30.642541744911945
"Nashville-Davidson--Murfreesboro--Franklin, TN Metro Area",263142,25191,18578,22155,55674,34980,121598,55674,46.21003108587759,21.157397906833573
"Natchez, MS-LA Micro Area",5783,353,168,432,1291,35020,2244,1291,38.80338924433685,22.324053259553864
"Natchitoches, LA Micro Area",5938,332,220,431,1750,35060,2733,1750,46.02559784439205,29.47120242505894
"New Bern, NC Metro Area",15018,1069,1112,869,3181,35100,6231,3181,41.490211745904915,21.181249167665467
"Newberry, SC Micro Area",3860,218,228,189,899,35140,1534,899,39.740932642487046,23.29015544041451
"New Castle, IN Micro Area",4582,367,203,384,812,35220,1766,812,38.5421213443911,17.72151898734177
"New Castle, PA Micro Area",9148,1152,504,508,2024,35260,4188,2024,45.78049846961084,22.125054656755573
"New Haven-Milford, CT Metro Area",130041,10046,7972,12075,33639,35300,63732,33639,49.00915864996424,25.867995478349137
"New Orleans-Metairie, LA Metro Area",180427,14495,10095,15177,51209,35380,90976,51209,50.42260858962351,28.382115758727906
"New Philadelphia-Dover, OH Micro Area",11501,844,840,920,2068,35420,4672,2068,40.622554560473006,17.98104512651074
"Newport, OR Micro Area",6587,570,382,367,1574,35440,2893,1574,43.91984211325338,23.895551844542283
"Newport, TN Micro Area",4243,306,308,157,886,35460,1657,886,39.05255715295781,20.881451802969597
"New Ulm, MN Micro Area",2333,217,90,119,418,35580,844,418,36.17659665666524,17.916845263609087
"New York-Newark-Jersey City, NY-NJ-PA Metro Area",3534346,303382,217182,285723,934670,35620,1740957,934670,49.25825032410523,26.445345192575935
"Niles, MI Metro Area",17153,1573,947,1161,4141,35660,7822,4141,45.601352533084594,24.141549583163293
"Nogales, AZ Micro Area",5461,681,276,434,918,35700,2309,918,42.2816334004761,16.81010803882073
"Norfolk, NE Micro Area",5768,414,143,502,719,35740,1778,719,30.825242718446603,12.465325936199722
"North Platte, NE Micro Area",4876,566,186,374,1036,35820,2162,1036,44.339622641509436,21.24692370795734
"North Port-Sarasota-Bradenton, FL Metro Area",88452,7511,5687,8929,23152,35840,45279,23152,51.19047619047619,26.17464839687062
"North Vernon, IN Micro Area",1992,130,113,244,321,35860,808,321,40.562248995983936,16.114457831325304
"North Wilkesboro, NC Micro Area",7357,503,672,528,1178,35900,2881,1178,39.15998368900367,16.011961397308685
"Norwalk, OH Micro Area",6144,339,204,610,1024,35940,2177,1024,35.432942708333336,16.666666666666664
"Norwich-New London, CT Metro Area",34727,3253,1986,2976,7397,35980,15612,7397,44.956374002937196,21.300429060961214
"Oak Harbor, WA Micro Area",9291,1135,647,825,1885,36020,4492,1885,48.347863523840275,20.288451189323002
"Ocala, FL Metro Area",36475,2924,1932,3055,8277,36100,16188,8277,44.381082933516105,22.69225496915696
"Ocean City, NJ Metro Area",9327,624,648,879,2692,36140,4843,2692,51.924520210142596,28.862442371609305
"Odessa, TX Metro Area",21278,2150,984,1463,4525,36220,9122,4525,42.870570542344204,21.266096437635117
"Ogden-Clearfield, UT Metro Area",53153,4699,3065,4356,9600,36260,21720,9600,40.86316858879085,18.061068989520816
"Ogdensburg-Massena, NY Micro Area",11878,813,443,926,2981,36300,5163,2981,43.46691362182185,25.09681764606836
"Oil City, PA Micro Area",5299,429,244,372,982,36340,2027,982,38.25250047178713,18.531798452538215
"Okeechobee, FL Micro Area",3818,261,397,198,648,36380,1504,648,39.3923520167627,16.972236773179674
"Oklahoma City, OK Metro Area",199013,15878,11990,15143,43164,36420,86175,43164,43.30119137945762,21.689035389647913
"Olean, NY Micro Area",8271,721,474,692,1471,36460,3358,1471,40.59968564865191,17.78503203965663
"Olympia-Lacey-Tumwater, WA Metro Area",37865,4239,2255,2891,10028,36500,19413,10028,51.268981909415025,26.483560015845768
"Omaha-Council Bluffs, NE-IA Metro Area",128525,11216,8391,10942,25834,36540,56383,25834,43.869286131102896,20.10036957790313
"Oneonta, NY Micro Area",5771,362,238,549,1196,36580,2345,1196,40.634205510310174,20.724311211228557
"Ontario, OR-ID Micro Area",6851,439,313,404,1051,36620,2207,1051,32.21427528827908,15.340826156765436
"Opelousas, LA Micro Area",9694,669,481,695,2241,36660,4086,2241,42.14978337115742,23.117392201361668
"Orangeburg, SC Micro Area",11323,691,493,870,2402,36700,4456,2402,39.35352821690365,21.213459330566103
"Orlando-Kissimmee-Sanford, FL Metro Area",351799,33106,26784,39476,92263,36740,191629,92263,54.47116108914465,26.226055219031323
"Oshkosh-Neenah, WI Metro Area",24453,2060,1358,1909,3863,36780,9190,3863,37.58230074019548,15.797652639757903
"Oskaloosa, IA Micro Area",2867,108,140,94,374,36820,716,374,24.973840251133588,13.044994768050227
"Othello, WA Micro Area",2212,148,102,161,420,36830,831,420,37.56781193490054,18.9873417721519
"Ottawa, IL Micro Area",15797,1238,901,1087,2941,36837,6167,2941,39.039058048996644,18.61745901120466
"Ottawa, KS Micro Area",2706,213,215,246,528,36840,1202,528,44.41980783444198,19.51219512195122
"Ottumwa, IA Micro Area",4780,306,332,278,1251,36900,2167,1251,45.33472803347281,26.171548117154813
"Owatonna, MN Micro Area",3387,430,253,434,752,36940,1869,752,55.18157661647476,22.202539120165337
"Owensboro, KY Metro Area",14501,1088,841,821,2710,36980,5460,2710,37.652575684435554,18.688366319564167
"Oxford, MS Micro Area",6661,384,334,192,2167,37060,3077,2167,46.19426512535655,32.53265275484162
"Oxnard-Thousand Oaks-Ventura, CA Metro Area",99078,9858,7022,11154,27435,37100,55469,27435,55.98518339086377,27.69030460849028
"Ozark, AL Micro Area",7731,697,336,478,1220,37120,2731,1220,35.32531367222869,15.780623463976202
"Paducah, KY-IL Micro Area",11375,988,837,809,2048,37140,4682,2048,41.16043956043956,18.004395604395604
"Pahrump, NV Micro Area",5440,303,164,553,1120,37220,2140,1120,39.338235294117645,20.588235294117645
"Palatka, FL Micro Area",8045,895,551,532,1516,37260,3494,1516,43.43070229956495,18.84400248601616
"Palestine, TX Micro Area",5297,360,429,403,1115,37300,2307,1115,43.552954502548616,21.04965074570512
"Palm Bay-Melbourne-Titusville, FL Metro Area",57547,5253,3923,5803,14278,37340,29257,14278,50.84018280709681,24.811024032529932
"Pampa, TX Micro Area",2416,174,190,153,603,37420,1120,603,46.35761589403973,24.95860927152318
"Panama City, FL Metro Area",23470,2929,1849,2305,5250,37460,12333,5250,52.54793353216873,22.368981678738816
"Paragould, AR Micro Area",6320,641,107,447,1401,37500,2596,1401,41.075949367088604,22.167721518987342
"Paris, TN Micro Area",3236,152,167,179,590,37540,1088,590,33.62175525339926,18.23238566131026
"Paris, TX Micro Area",6699,511,305,481,1573,37580,2870,1573,42.84221525600836,23.48111658456486
"Parkersburg-Vienna, WV Metro Area",9339,784,816,1102,1512,37620,4214,1512,45.12260413320484,16.190170253774493
"Parsons, KS Micro Area",1962,139,183,106,217,37660,645,217,32.87461773700306,11.060142711518859
"Payson, AZ Micro Area",5536,456,329,287,1031,37740,2103,1031,37.98771676300578,18.6235549132948
"Pearsall, TX Micro Area",1815,67,295,78,277,37770,717,277,39.50413223140496,15.261707988980715
"Pecos, TX Micro Area",1056,57,0,22,195,37780,274,195,25.946969696969695,18.46590909090909
"Pella, IA Micro Area",3048,228,97,228,594,37800,1147,594,37.63123359580052,19.488188976377952
"Pensacola-Ferry Pass-Brent, FL Metro Area",61692,4917,4809,6022,12799,37860,28547,12799,46.27342281008883,20.746612202554626
"Peoria, IL Metro Area",45866,3584,2422,2994,10076,37900,19076,10076,41.5907207953604,21.96834256311865
"Peru, IN Micro Area",3207,303,117,135,684,37940,1239,684,38.63423760523854,21.328344246959777
"Philadelphia-Camden-Wilmington, PA-NJ-DE-MD Metro Area",801034,67081,47871,64507,202087,37980,381546,202087,47.63168604578582,25.22826746430239
"Phoenix-Mesa-Chandler, AZ Metro Area",625339,56357,41214,56251,138041,38060,291863,138041,46.672764692430825,22.074586744149975
"Picayune, MS Micro Area",4181,348,243,195,948,38100,1734,948,41.473331738818466,22.67400143506338
"Pierre, SD Micro Area",2165,229,64,206,254,38180,753,254,34.78060046189376,11.732101616628174
"Pine Bluff, AR Metro Area",10080,820,756,894,1661,38220,4131,1661,40.982142857142854,16.478174603174605
"Pinehurst-Southern Pines, NC Micro Area",9555,885,512,660,1549,38240,3606,1549,37.73940345368917,16.21140763997907
"Pittsburg, KS Micro Area",6530,798,319,523,1457,38260,3097,1457,47.42725880551302,22.31240428790199
"Pittsburgh, PA Metro Area",303982,24085,15844,21783,59386,38300,121098,59386,39.83722720424235,19.536025159384437
"Pittsfield, MA Metro Area",16698,1626,1265,1120,4200,38340,8211,4200,49.17355371900826,25.152712899748476
"Plainview, TX Micro Area",4208,302,111,198,805,38380,1416,805,33.650190114068444,19.13022813688213
"Platteville, WI Micro Area",6024,443,346,532,1013,38420,2334,1013,38.745019920318725,16.81606905710491
"Plattsburgh, NY Micro Area",10109,769,325,608,2475,38460,4177,2475,41.319616183598775,24.483133841131664
"Plymouth, IN Micro Area",3976,272,203,214,657,38500,1346,657,33.85311871227364,16.52414486921529
"Pocatello, ID Metro Area",11157,648,607,815,2229,38540,4299,2229,38.5318634041409,19.978488841086314
"Point Pleasant, WV-OH Micro Area",4320,166,193,317,611,38580,1287,611,29.791666666666668,14.143518518518519
"Ponca City, OK Micro Area",5417,412,483,442,782,38620,2119,782,39.11759276352225,14.43603470555658
"Ponce, PR Metro Area",23221,1527,780,953,4105,38660,7365,4105,31.716980319538347,17.677963911976228
"Pontiac, IL Micro Area",4063,348,192,265,531,38700,1336,531,32.88210681762244,13.069160718680777
"Poplar Bluff, MO Micro Area",6434,578,621,613,1067,38740,2879,1067,44.746658377370224,16.583773702207026
"Portales, NM Micro Area",2778,312,58,199,469,38780,1038,469,37.365010799136066,16.882649388048957
"Port Angeles, WA Micro Area",9234,670,482,1185,1866,38820,4203,1866,45.51656920077973,20.207927225471085
"Portland-South Portland, ME Metro Area",64544,6649,4522,4315,12290,38860,27776,12290,43.03420922161626,19.04127416955875
"Portland-Vancouver-Hillsboro, OR-WA Metro Area",373026,32528,24911,35750,87747,38900,180936,87747,48.50492995126345,23.523025204677424
"Port Lavaca, TX Micro Area",1911,276,204,85,176,38920,741,176,38.775510204081634,9.209837781266353
"Port St. Lucie, FL Metro Area",42040,4258,2653,3860,11652,38940,22423,11652,53.33729781160799,27.716460513796388
"Portsmouth, OH Micro Area",8821,700,508,709,1780,39020,3697,1780,41.91134791973699,20.17911801383063
"Pottsville, PA Micro Area",13373,1098,609,881,2234,39060,4822,2234,36.05772825843117,16.705301727361103
"Poughkeepsie-Newburgh-Middletown, NY Metro Area",78765,6839,4843,7094,21572,39100,40348,21572,51.225798260648766,27.387799149368377
"Prescott Valley-Prescott, AZ Metro Area",28649,1800,1733,2933,5292,39150,11758,5292,41.041572131662534,18.47184893015463
"Price, UT Micro Area",2643,297,71,249,582,39220,1199,582,45.365115399167614,22.02043132803632
"Prineville, OR Micro Area",2542,288,128,260,349,39260,1025,349,40.32258064516129,13.729346970889065
"Providence-Warwick, RI-MA Metro Area",248944,23050,14908,19264,55253,39300,112475,55253,45.18084388456842,22.19495147503053
"Provo-Orem, UT Metro Area",59535,5775,3547,5227,11828,39340,26377,11828,44.305030654237,19.867304946670025
"Pueblo, CO Metro Area",22229,2037,1252,1669,5874,39380,10832,5874,48.72913761302803,26.42494039318008
"Pullman, WA Micro Area",9840,386,586,832,3785,39420,5589,3785,56.798780487804876,38.46544715447154
"Punta Gorda, FL Metro Area",14884,1248,992,1546,4299,39460,8085,4299,54.32007524858909,28.88336468691212
"Quincy, IL-MO Micro Area",8423,499,594,599,1500,39500,3192,1500,37.89623649531046,17.80838181170604
"Racine, WI Metro Area",23759,1948,1135,1817,4893,39540,9793,4893,41.2180647333642,20.594301106948944
"Raleigh-Cary, NC Metro Area",178143,16608,11204,14839,35888,39580,78539,35888,44.08761500592221,20.145613355562666
"Rapid City, SD Metro Area",16906,2113,1306,1227,2599,39660,7245,2599,42.8546078315391,15.373240269726724
"Raymondville, TX Micro Area",1671,191,82,145,241,39700,659,241,39.437462597247155,14.422501496110113
"Reading, PA Metro Area",47009,4199,2726,4571,10275,39740,21771,10275,46.31240826224766,21.85751664574869
"Red Bluff, CA Micro Area",8103,439,508,724,1809,39780,3480,1809,42.947056645686786,22.325064790818217
"Redding, CA Metro Area",24850,2113,1388,1898,5978,39820,11377,5978,45.78269617706238,24.056338028169012
"Red Wing, MN Micro Area",4412,440,215,435,838,39860,1928,838,43.69900271985494,18.99365367180417
"Reno, NV Metro Area",79800,7549,5565,8124,17091,39900,38329,17091,48.031328320802004,21.417293233082706
"Rexburg, ID Micro Area",7881,909,636,1038,1553,39940,4136,1553,52.48064966374825,19.70562111407182
"Richmond, IN Micro Area",8585,621,521,823,1542,39980,3507,1542,40.85032032615026,17.96156086196855
"Richmond, VA Metro Area",171512,15819,11664,14411,40333,40060,82227,40333,47.9424180232287,23.51613881244461
"Richmond-Berea, KY Micro Area",15483,1157,917,1086,3204,40080,6364,3204,41.10314538526126,20.693664018601048
"Rio Grande City-Roma, TX Micro Area",5106,311,269,337,1154,40100,2071,1154,40.56012534273404,22.600861731296515
"Riverside-San Bernardino-Ontario, CA Metro Area",492978,46819,34765,51788,137534,40140,270906,137534,54.95295936126967,27.898608051474916
"Riverton, WY Micro Area",4284,371,317,306,559,40180,1553,559,36.25116713352008,13.048552754435109
"Roanoke, VA Metro Area",40109,2759,2020,3834,7951,40220,16564,7951,41.29746440948416,19.823481014236204
"Roanoke Rapids, NC Micro Area",9454,963,519,547,2264,40260,4293,2264,45.4093505394542,23.94753543473662
"Rochelle, IL Micro Area",5575,435,280,439,688,40300,1842,688,33.04035874439462,12.340807174887892
"Rochester, MN Metro Area",23496,2560,1625,1420,4697,40340,10302,4697,43.84576098059244,19.99063670411985
"Rochester, NY Metro Area",146380,12720,8620,11949,37430,40380,70719,37430,48.31192785899713,25.57043311927859
"Rockford, IL Metro Area",42628,3461,2190,3726,9879,40420,19256,9879,45.172187294735856,23.17490851083795
"Rockingham, NC Micro Area",5776,362,202,310,1353,40460,2227,1353,38.55609418282548,23.424515235457065
"Rockport, TX Micro Area",2392,175,145,463,264,40530,1047,264,43.77090301003344,11.036789297658862
"Rock Springs, WY Micro Area",4353,212,152,377,634,40540,1375,634,31.58741098093269,14.56466804502642
"Rocky Mount, NC Metro Area",20627,1597,1338,1298,4109,40580,8342,4109,40.44213894410239,19.92049255829738
"Rolla, MO Micro Area",7073,899,756,318,1716,40620,3689,1716,52.156086526226495,24.261275272161743
"Rome, GA Metro Area",13279,993,873,1327,2776,40660,5969,2776,44.95067399653588,20.90518864372317
"Roseburg, OR Micro Area",13161,1030,991,905,2469,40700,5395,2469,40.99232581110858,18.759972646455438
"Roswell, NM Micro Area",7592,626,262,440,1563,40740,2891,1563,38.0795574288725,20.58746048472076
"Ruidoso, NM Micro Area",2031,197,205,231,415,40760,1048,415,51.60019694731659,20.433284096504185
"Russellville, AR Micro Area",9068,681,585,502,1646,40780,3414,1646,37.648875165416854,18.15174239082488
"Ruston, LA Micro Area",8676,836,415,774,2503,40820,4528,2503,52.18994928538497,28.849700322729365
"Rutland, VT Micro Area",7020,620,605,404,1539,40860,3168,1539,45.12820512820513,21.923076923076923
"Sacramento-Roseville-Folsom, CA Metro Area",329482,29014,23277,32272,87469,40900,172032,87469,52.212867470757125,26.54742899460365
"Safford, AZ Micro Area",3194,220,87,75,511,40940,893,511,27.958672510958046,15.998747651847214
"Saginaw, MI Metro Area",21260,2234,1174,1924,5279,40980,10611,5279,49.91063029162747,24.830667920978364
"St. Cloud, MN Metro Area",25160,1429,1347,1906,5495,41060,10177,5495,40.44912559618442,21.840222575516695
"St. George, UT Metro Area",17674,1679,1508,1478,3628,41100,8293,3628,46.92203236392441,20.527328278827657
"St. Joseph, MO-KS Metro Area",15362,1347,677,918,3250,41140,6192,3250,40.307251659940114,21.156099466215338
"St. Louis, MO-IL Metro Area",346284,26810,19930,25892,74295,41180,146927,74295,42.42962423906389,21.4549329452126
"St. Marys, GA Micro Area",7123,475,705,468,1810,41220,3458,1810,48.54696055032992,25.410641583602416
"St. Marys, PA Micro Area",2819,127,300,192,475,41260,1094,475,38.80808797445903,16.849946789641717
"Salem, OH Micro Area",11059,681,718,721,1984,41400,4104,1984,37.11004611628538,17.940139253097026
"Salem, OR Metro Area",58447,5140,4327,4820,14673,41420,28960,14673,49.54916420004449,25.104795797902373
"Salina, KS Micro Area",7832,599,517,549,1701,41460,3366,1701,42.97752808988764,21.718590398365677
"Salinas, CA Metro Area",62614,6421,4611,6242,15497,41500,32771,15497,52.33813524131983,24.75005589804197
"Salisbury, MD-DE Metro Area",42856,3526,3058,3945,10236,41540,20765,10236,48.45295874556655,23.884636923651296
"Salt Lake City, UT Metro Area",137891,13434,8946,12460,27355,41620,62195,27355,45.10446657142236,19.838133018108508
"San Angelo, TX Metro Area",14909,1110,1107,1462,2861,41660,6540,2861,43.86612113488497,19.18975115701925
"San Antonio-New Braunfels, TX Metro Area",345256,30254,24213,31313,79082,41700,164862,79082,47.75065458674143,22.905322427416177
"San Diego-Chula Vista-Carlsbad, CA Metro Area",525840,48900,37001,53307,148226,41740,287434,148226,54.6618743343983,28.18842233378975
"Sandpoint, ID Micro Area",4184,456,126,323,736,41760,1641,736,39.2208413001912,17.590822179732314
"Sandusky, OH Micro Area",9187,601,339,553,1962,41780,3455,1962,37.60748884293023,21.356264286491783
"Sanford, NC Micro Area",8344,636,266,785,1705,41820,3392,1705,40.65196548418025,20.433844678811123
"San Francisco-Oakland-Berkeley, CA Metro Area",768461,61754,43933,63770,172433,41860,341890,172433,44.49022136451948,22.43874445157269
"San Germán, PR Metro Area",12388,415,520,677,1326,41900,2938,1326,23.71649983855344,10.703907006780755
"San Jose-Sunnyvale-Santa Clara, CA Metro Area",295566,24884,19031,23521,59497,41940,126933,59497,42.94573800775461,20.129852554082674
"San Juan-Bayamón-Caguas, PR Metro Area",251729,12131,11198,13024,43286,41980,79639,43286,31.63679989194729,17.19547608737968
"San Luis Obispo-Paso Robles, CA Metro Area",41068,3847,2794,4031,11181,42020,21853,11181,53.211746371871044,27.22557709165287
"Santa Cruz-Watsonville, CA Metro Area",38635,3008,2243,3181,10733,42100,19165,10733,49.60528018635952,27.780509900349426
"Santa Fe, NM Metro Area",19336,1423,921,1731,4657,42140,8732,4657,45.15928837401738,24.084609019445594
"Santa Isabel, PR Micro Area",1452,75,32,69,212,42180,388,212,26.72176308539945,14.600550964187327
"Santa Maria-Santa Barbara, CA Metro Area",69864,6462,5195,6874,19113,42200,37644,19113,53.881827550669875,27.357437306767434
"Santa Rosa-Petaluma, CA Metro Area",72732,7163,5027,6835,18407,42220,37432,18407,51.46565473244239,25.307979981301216
"Sault Ste. Marie, MI Micro Area",3627,191,253,445,660,42300,1549,660,42.707471739729804,18.196856906534325
"Savannah, GA Metro Area",59549,4660,4256,4796,14259,42340,27971,14259,46.971401702799376,23.944986481720935
"Sayre, PA Micro Area",6713,562,475,417,807,42380,2261,807,33.68091762252346,12.021450916132876
"Scottsbluff, NE Micro Area",5106,409,265,335,1026,42420,2035,1026,39.85507246376812,20.094007050528788
"Scottsboro, AL Micro Area",4937,526,200,259,620,42460,1605,620,32.50962122746607,12.558233745189387
"Scottsburg, IN Micro Area",2911,271,234,145,419,42500,1069,419,36.72277567846101,14.393679148059086
"Scranton--Wilkes-Barre, PA Metro Area",76197,5539,3525,5162,16567,42540,30793,16567,40.41235219234353,21.74232581335223
"Searcy, AR Micro Area",9683,1123,640,779,1428,42620,3970,1428,40.999690178663634,14.747495610864403
"Seattle-Tacoma-Bellevue, WA Metro Area",619164,58468,42264,52857,132625,42660,286214,132625,46.225878765561305,21.420011499376578
"Sebastian-Vero Beach, FL Metro Area",13031,850,740,1157,3724,42680,6471,3724,49.65850663801704,28.57800629268667
"Sebring-Avon Park, FL Metro Area",9659,890,618,796,1947,42700,4251,1947,44.01076716016151,20.157366186975878
"Sedalia, MO Micro Area",5012,432,369,453,822,42740,2076,822,41.420590582601754,16.400638467677574
"Selinsgrove, PA Micro Area",3543,247,148,235,469,42780,1099,469,31.0189105278013,13.237369460908836
"Selma, AL Micro Area",5693,235,540,301,1513,42820,2589,1513,45.47690145793079,26.576497453012472
"Seneca, SC Micro Area",8238,674,552,643,1899,42860,3768,1899,45.73925710123817,23.0517115804807
"Seneca Falls, NY Micro Area",3740,188,269,232,950,42900,1639,950,43.8235294117647,25.40106951871658
"Sevierville, TN Micro Area",10628,747,726,589,1707,42940,3769,1707,35.46292811441475,16.06134738426797
"Seymour, IN Micro Area",4724,413,362,288,614,42980,1677,614,35.4995766299746,12.997459779847587
"Shawano, WI Micro Area",3837,247,202,257,534,43020,1240,534,32.31691425592911,13.917122752150119
"Shawnee, OK Micro Area",7940,625,446,446,1374,43060,2891,1374,36.41057934508816,17.30478589420655
"Sheboygan, WI Metro Area",13883,944,549,779,2029,43100,4301,2029,30.980335662320822,14.614996758625656
"Shelby, NC Micro Area",11086,998,640,1114,1988,43140,4740,1988,42.756629983763304,17.932527512177522
"Shelbyville, TN Micro Area",5471,345,372,267,1270,43180,2254,1270,41.19904953390605,23.2133065253153
"Shelton, WA Micro Area",5305,251,220,235,1360,43220,2066,1360,38.944392082940624,25.636192271442038
"Sheridan, WY Micro Area",4055,376,146,188,901,43260,1611,901,39.72872996300863,22.21948212083847
"Sherman-Denison, TX Metro Area",17130,1352,1196,1289,3531,43300,7368,3531,43.012259194395796,20.612959719789842
"Show Low, AZ Micro Area",10402,661,581,735,1153,43320,3130,1153,30.090367237069795,11.084406844837531
"Shreveport-Bossier City, LA Metro Area",56682,4173,3563,4414,15284,43340,27434,15284,48.39984474789175,26.964468437952082
"Sidney, OH Micro Area",4815,388,370,277,602,43380,1637,602,33.99792315680166,12.502596053997921
"Sierra Vista-Douglas, AZ Metro Area",14798,1382,1003,1213,2356,43420,5954,2356,40.2351669144479,15.921070414920935
"Sikeston, MO Micro Area",4761,442,156,200,1127,43460,1925,1127,40.43268220961983,23.67149758454106
"Silver City, NM Micro Area",3220,249,159,248,653,43500,1309,653,40.65217391304348,20.279503105590063
"Sioux City, IA-NE-SD Metro Area",17967,1270,867,1185,3319,43580,6641,3319,36.96220849334892,18.472755607502645
"Sioux Falls, SD Metro Area",37349,3005,2104,3044,5620,43620,13773,5620,36.87648933037029,15.047256954670807
"Snyder, TX Micro Area",1090,4,28,83,78,43660,193,78,17.706422018348626,7.155963302752294
"Somerset, KY Micro Area",7135,447,376,462,1665,43700,2950,1665,41.345480028030835,23.335669236159777
"Somerset, PA Micro Area",5583,511,350,438,778,43740,2077,778,37.20222102812108,13.935160308078096
"Sonora, CA Micro Area",5840,521,307,670,1638,43760,3136,1638,53.6986301369863,28.04794520547945
"South Bend-Mishawaka, IN-MI Metro Area",38079,3056,2286,3284,8591,43780,17217,8591,45.213897423776885,22.560991622679165
"Spartanburg, SC Metro Area",34114,2840,1941,2362,7442,43900,14585,7442,42.753708155009676,21.815090578648064
"Spearfish, SD Micro Area",3910,217,198,388,652,43940,1455,652,37.21227621483376,16.675191815856778
"Spencer, IA Micro Area",1972,88,185,51,315,43980,639,315,32.40365111561866,15.973630831643002
"Spirit Lake, IA Micro Area",1785,153,135,153,273,44020,714,273,40.0,15.294117647058824
"Spokane-Spokane Valley, WA Metro Area",81144,7807,5520,7559,18306,44060,39192,18306,48.29931972789116,22.559893522626442
"Springfield, IL Metro Area",26182,2128,1200,1700,5895,44100,10923,5895,41.71950194790314,22.51546864257887
"Springfield, MA Metro Area",98808,9663,6434,8431,24834,44140,49362,24834,49.957493320378916,25.13359242166626
"Springfield, MO Metro Area",72911,5759,4262,5848,15760,44180,31629,15760,43.38028555362017,21.615394110628024
"Springfield, OH Metro Area",17438,1503,942,1023,3204,44220,6672,3204,38.26126849409336,18.373666704897353
"Starkville, MS Micro Area",12012,594,684,1058,3903,44260,6239,3903,51.93972693972694,32.49250749250749
"State College, PA Metro Area",21825,1439,1009,2098,7142,44300,11688,7142,53.553264604811,32.72394043528064
"Statesboro, GA Micro Area",14297,953,545,1150,3543,44340,6191,3543,43.30279079527173,24.781422676085892
"Staunton, VA Metro Area",14944,986,975,1141,3308,44420,6410,3308,42.893468950749465,22.135974304068522
"Steamboat Springs, CO Micro Area",2416,189,110,233,670,44460,1202,670,49.75165562913907,27.7317880794702
"Stephenville, TX Micro Area",5883,518,335,423,1839,44500,3115,1839,52.94917559068502,31.259561448240692
"Sterling, CO Micro Area",2272,231,111,202,203,44540,747,203,32.87852112676056,8.934859154929578
"Sterling, IL Micro Area",5923,524,384,601,1031,44580,2540,1031,42.883673813945634,17.406719567786595
"Stevens Point, WI Micro Area",8869,593,620,776,1476,44620,3465,1476,39.06866614048934,16.642237005299357
"Stillwater, OK Micro Area",15456,1121,851,1281,5285,44660,8538,5285,55.24068322981366,34.19384057971014
"Stockton, CA Metro Area",95032,9453,6537,8762,22463,44700,47215,22463,49.68326458456099,23.637301119622865
"Storm Lake, IA Micro Area",2258,166,78,104,223,44740,571,223,25.28786536758193,9.87599645704163
"Sturgis, MI Micro Area",5984,455,244,275,1050,44780,2024,1050,33.8235294117647,17.546791443850267
"Sulphur Springs, TX Micro Area",4126,256,258,297,699,44860,1510,699,36.597188560349004,16.941347552108578
"Summerville, GA Micro Area",3006,244,294,312,449,44900,1299,449,43.213572854291414,14.936793080505655
"Sumter, SC Metro Area",16886,1488,1105,1363,3089,44940,7045,3089,41.72095226815113,18.293260689328438
"Sunbury, PA Micro Area",9900,655,721,579,1774,44980,3729,1774,37.666666666666664,17.919191919191917
"Susanville, CA Micro Area",2794,195,147,219,639,45000,1200,639,42.94917680744452,22.87043664996421
"Sweetwater, TX Micro Area",1959,78,175,94,304,45020,651,304,33.2312404287902,15.518121490556405
"Syracuse, NY Metro Area",85007,6242,5083,5951,21666,45060,38942,21666,45.81034503040926,25.48731280953333
"Tahlequah, OK Micro Area",5983,362,323,320,1209,45140,2214,1209,37.00484706668895,20.207253886010363
"Talladega-Sylacauga, AL Micro Area",9084,507,469,372,2009,45180,3357,2009,36.955085865257594,22.11580801409071
"Tallahassee, FL Metro Area",64643,5053,3409,6128,18944,45220,33534,18944,51.87568646257135,29.305570595424097
"Tampa-St. Petersburg-Clearwater, FL Metro Area",423600,39039,29670,42687,106954,45300,218350,106954,51.54627006610009,25.24881964117092
"Taos, NM Micro Area",2676,226,113,207,606,45340,1152,606,43.04932735426009,22.6457399103139
"Taylorville, IL Micro Area",3122,213,134,98,535,45380,980,535,31.390134529147982,17.136450992953232
"Terre Haute, IN Metro Area",22513,1869,1340,2035,5106,45460,10350,5106,45.97343756940435,22.680229200906144
"Texarkana, TX-AR Metro Area",18920,1465,1036,1838,3920,45500,8259,3920,43.65221987315011,20.718816067653275
"The Dalles, OR Micro Area",3658,131,93,215,800,45520,1239,800,33.87096774193548,21.869874248223073
"The Villages, FL Metro Area",8257,499,425,1080,2213,45540,4217,2213,51.071817851519924,26.801501756085745
"Thomaston, GA Micro Area",3683,214,111,215,1219,45580,1759,1219,47.75997827857724,33.098017920173774
"Thomasville, GA Micro Area",6853,393,547,580,1342,45620,2862,1342,41.7627316503721,19.58266452648475
"Tiffin, OH Micro Area",6131,414,274,486,1043,45660,2217,1043,36.160495840809006,17.01190670363725
"Tifton, GA Micro Area",5876,660,269,366,866,45700,2161,866,36.77671885636487,14.737916950306332
"Toccoa, GA Micro Area",2720,264,51,255,460,45740,1030,460,37.86764705882353,16.911764705882355
"Toledo, OH Metro Area",95327,6888,4923,6766,19903,45780,38480,19903,40.36631804210769,20.878659771103674
"Topeka, KS Metro Area",28749,2116,1488,2726,5964,45820,12294,5964,42.76322654701033,20.745069393718044
"Torrington, CT Micro Area",18496,1297,1098,1170,4486,45860,8051,4486,43.52833044982699,24.253892733564015
"Traverse City, MI Micro Area",12086,1041,744,999,2851,45900,5635,2851,46.624193281482704,23.589276849247064
"Trenton-Princeton, NJ Metro Area",51914,4510,3141,4461,13043,45940,25155,13043,48.455137342528026,25.124243941903917
"Troy, AL Micro Area",4435,290,158,519,1323,45980,2290,1323,51.634723788049605,29.83089064261556
"Truckee-Grass Valley, CA Micro Area",10415,838,494,1066,3294,46020,5692,3294,54.65194431108977,31.627460393662986
"Tucson, AZ Metro Area",151698,13640,9249,13630,35088,46060,71607,35088,47.203654629593004,23.130166515049638
"Tullahoma-Manchester, TN Micro Area",11458,719,780,624,1908,46100,4031,1908,35.180659801012396,16.652120788968404
"Tulsa, OK Metro Area",135897,10729,8290,10341,25197,46140,54557,25197,40.14584575082599,18.541248151173313
"Tupelo, MS Micro Area",16756,1418,785,1205,2757,46180,6165,2757,36.79279064215803,16.453807591310575
"Tuscaloosa, AL Metro Area",35757,2822,1768,3298,8810,46220,16698,8810,46.698548535951005,24.63853231535084
"Twin Falls, ID Metro Area",12388,1214,1113,789,2097,46300,5213,2097,42.0810461737165,16.927671940587665
"Tyler, TX Metro Area",25423,1927,1496,2001,4942,46340,10366,4942,40.774102190929476,19.439090587263504
"Ukiah, CA Micro Area",13513,1230,1023,1462,3113,46380,6828,3113,50.52912010656405,23.037075408865537
"Union, SC Micro Area",3535,285,218,264,576,46420,1343,576,37.99151343705799,16.294200848656295
"Union City, TN Micro Area",4303,277,232,359,517,46460,1385,517,32.18684638624216,12.01487334417848
"Urbana, OH Micro Area",3698,301,336,196,426,46500,1259,426,34.0454299621417,11.519740400216333
"Urban Honolulu, HI Metro Area",137316,13164,9564,14419,36746,46520,73893,36746,53.8123743773486,26.760173614145476
"Utica-Rome, NY Metro Area",35706,2823,1852,2215,7846,46540,14736,7846,41.27037472693665,21.973897944323085
"Uvalde, TX Micro Area",2670,323,318,161,272,46620,1074,272,40.2247191011236,10.187265917602996
"Valdosta, GA Metro Area",23266,2175,1492,2079,4745,46660,10491,4745,45.0915499011433,20.394567179575347
"Vallejo, CA Metro Area",57295,5608,4096,5283,14786,46700,29773,14786,51.96439479884807,25.806789423160836
"Van Wert, OH Micro Area",2408,109,119,127,442,46780,797,442,33.09800664451827,18.35548172757475
"Vermillion, SD Micro Area",2649,92,82,96,647,46820,917,647,34.616836542091356,24.42431106077765
"Vernal, UT Micro Area",3037,184,197,223,245,46860,849,245,27.955218966084953,8.067171550872573
"Vernon, TX Micro Area",1891,100,19,202,347,46900,668,347,35.32522474881015,18.350079323109465
"Vicksburg, MS Micro Area",4749,135,549,232,1057,46980,1973,1057,41.545588544956836,22.257317329964202
"Victoria, TX Metro Area",11730,664,732,1045,2741,47020,5182,2741,44.17732310315431,23.367433930093775
"Vidalia, GA Micro Area",4206,269,199,384,833,47080,1685,833,40.061816452686635,19.805040418449835
"Vincennes, IN Micro Area",5156,479,200,334,765,47180,1778,765,34.48409619860357,14.837083010085337
"Vineland-Bridgeton, NJ Metro Area",17864,1405,1002,1618,5934,47220,9959,5934,55.74899238692342,33.21764442454098
"Vineyard Haven, MA Micro Area",1614,103,64,133,358,47240,658,358,40.76827757125155,22.18091697645601
"Virginia Beach-Norfolk-Newport News, VA-NC Metro Area",262740,24199,18368,25039,61998,47260,129604,61998,49.327852629976405,23.59671157798584
"Visalia, CA Metro Area",58592,4474,3381,5589,13911,47300,27355,13911,46.687261059530314,23.742149098853087
"Wabash, IN Micro Area",2565,247,122,180,402,47340,951,402,37.07602339181287,15.67251461988304
"Waco, TX Metro Area",39586,3117,2770,3268,10549,47380,19704,10549,49.77517304097408,26.648310008588894
"Wahpeton, ND-MN Micro Area",2610,246,52,140,617,47420,1055,617,40.42145593869732,23.63984674329502
"Walla Walla, WA Metro Area",7778,533,715,810,1744,47460,3802,1744,48.881460529699154,22.42221650809977
"Wapakoneta, OH Micro Area",4283,244,268,156,558,47540,1226,558,28.624795703945832,13.028251225776325
"Warner Robins, GA Metro Area",23196,1935,1200,2579,4038,47580,9752,4038,42.04173133298845,17.408173823072946
"Warren, PA Micro Area",3585,291,103,246,470,47620,1110,470,30.96234309623431,13.110181311018131
"Warrensburg, MO Micro Area",7598,840,540,667,1152,47660,3199,1152,42.10318504869703,15.161884706501711
"Warsaw, IN Micro Area",7473,617,509,469,1250,47700,2845,1250,38.0703867255453,16.72688344707614
"Washington, IN Micro Area",3445,305,221,142,476,47780,1144,476,33.20754716981132,13.817126269956459
"Washington, NC Micro Area",5544,513,471,285,1163,47820,2432,1163,43.867243867243864,20.97763347763348
"Washington-Arlington-Alexandria, DC-VA-MD-WV Metro Area",853416,75905,55794,68817,185597,47900,386113,185597,45.24323424918211,21.7475416444032
"Washington Court House, OH Micro Area",4125,154,156,292,668,47920,1270,668,30.78787878787879,16.193939393939395
"Waterloo-Cedar Falls, IA Metro Area",21074,1519,1357,1352,5407,47940,9635,5407,45.719844357976655,25.657207933947046
"Watertown, SD Micro Area",4412,302,227,120,910,47980,1559,910,35.33544877606528,20.625566636446056
"Watertown-Fort Atkinson, WI Micro Area",9161,773,313,622,1540,48020,3248,1540,35.454644689444386,16.81039187861587
"Watertown-Fort Drum, NY Metro Area",20976,1864,1247,1974,4037,48060,9122,4037,43.487795575896264,19.245804729214342
"Wauchula, FL Micro Area",2714,321,209,61,773,48100,1364,773,50.25792188651437,28.48194546794399
"Wausau-Weston, WI Metro Area",17934,1829,1137,1618,2845,48140,7429,2845,41.4241106278577,15.863722538195606
"Waycross, GA Micro Area",6530,847,254,367,1193,48180,2661,1193,40.750382848392036,18.269525267993874
"Weatherford, OK Micro Area",3761,304,281,153,1112,48220,1850,1112,49.189045466631214,29.566604626429143
"Weirton-Steubenville, WV-OH Metro Area",13662,912,553,902,2661,48260,5028,2661,36.80281071585419,19.477382520860782
"Wenatchee, WA Metro Area",15770,1014,720,1109,2745,48300,5588,2745,35.43436905516804,17.406467977171843
"West Plains, MO Micro Area",4809,347,247,285,999,48460,1878,999,39.051777916406735,20.773549594510293
"West Point, MS Micro Area",2404,271,51,102,521,48500,945,521,39.30948419301165,21.672212978369384
"Wheeling, WV-OH Metro Area",14603,1177,739,946,3081,48540,5943,3081,40.69711703074711,21.09840443744436
"Whitewater, WI Micro Area",12780,930,697,799,2588,48580,5014,2588,39.23317683881064,20.25039123630673
"Wichita, KS Metro Area",87340,7283,4932,6745,16942,48620,35902,16942,41.10602244103504,19.397755896496452
"Wichita Falls, TX Metro Area",20464,1422,1418,1493,3653,48660,7986,3653,39.024628616106334,17.85086004691165
"Williamsport, PA Metro Area",13764,1455,656,1074,2623,48700,5808,2623,42.197035745422845,19.056960185992445
"Williston, ND Micro Area",7224,794,329,283,485,48780,1891,485,26.176633444075303,6.713732004429679
"Willmar, MN Micro Area",4468,283,152,245,976,48820,1656,976,37.063563115487916,21.844225604297225
"Wilmington, NC Metro Area",44566,3913,2596,4031,11393,48900,21933,11393,49.21464793788987,25.564331553201992
"Wilmington, OH Micro Area",4800,332,146,294,918,48940,1690,918,35.208333333333336,19.125
"Wilson, NC Micro Area",13081,541,1125,855,2948,48980,5469,2948,41.808730219402186,22.536503325433834
"Winchester, VA-WV Metro Area",15357,1482,1028,957,2702,49020,6169,2702,40.170606238197564,17.594582275183956
"Winfield, KS Micro Area",3817,311,255,366,648,49060,1580,648,41.39376473670422,16.976683259104007
"Winnemucca, NV Micro Area",2086,174,81,54,350,49080,659,350,31.59156279961649,16.778523489932887
"Winona, MN Micro Area",6324,446,278,607,1458,49100,2789,1458,44.10183428209994,23.055028462998102
"Winston-Salem, NC Metro Area",87505,7394,5271,6339,18907,49180,37911,18907,43.324381463916346,21.60676532769556
"Wisconsin Rapids-Marshfield, WI Micro Area",8600,652,367,798,1369,49220,3186,1369,37.04651162790697,15.91860465116279
"Woodward, OK Micro Area",2555,66,157,145,272,49260,640,272,25.048923679060664,10.645792563600782
"Wooster, OH Micro Area",10906,851,280,585,1744,49300,3460,1744,31.725655602420687,15.991197505960022
"Worcester, MA-CT Metro Area",126746,12523,7758,10102,27763,49340,58146,27763,45.87600397645685,21.90443879885756
"Worthington, MN Micro Area",1963,155,120,80,259,49380,614,259,31.278655119714724,13.194090677534387
"Yakima, WA Metro Area",32234,2604,2004,1976,6644,49420,13228,6644,41.03741391077744,20.611776385183347
"Yankton, SD Micro Area",2899,138,30,189,367,49460,724,367,24.97412901000345,12.659537771645397
"Yauco, PR Metro Area",8608,388,267,380,593,49500,1628,593,18.912639405204462,6.888940520446097
"York-Hanover, PA Metro Area",43622,3951,2887,4161,8776,49620,19775,8776,45.33263032414837,20.118288936775024
"Youngstown-Warren-Boardman, OH-PA Metro Area",66232,4622,3767,6057,13791,49660,28237,13791,42.63347022587269,20.822261142650078
"Yuba City, CA Metro Area",24000,2597,1449,2554,4862,49700,11462,4862,47.75833333333333,20.258333333333333
"Yuma, AZ Metro Area",23103,2270,2094,1262,4474,49740,10100,4474,43.71726615591049,19.36545037441025
"Zanesville, OH Micro Area",10771,697,636,1099,2338,49780,4770,2338,44.28558165444248,21.70643394299508
"Zapata, TX Micro Area",1167,130,30,101,242,49820,503,242,43.10197086546701,20.7369323050557
